{"level":"info","message":"Database connected successfully","timestamp":"2026-08-04 14:26:53"}
{"level":"info","message":" Database loader initialized","timestamp":"2026-08-04 14:26:53"}
{"level":"info","message":"Express loader initialized","timestamp":"2026-08-04 14:26:53"}
{"level":"info","message":" Express loader initialized","timestamp":"2026-08-04 14:26:53"}
{"level":"info","message":"Routes configured","timestamp":"2026-08-04 14:26:53"}
{"level":"info","message":"Routes loader initialized","timestamp":"2026-08-04 14:26:53"}
{"level":"info","message":"Error handler initialized","timestamp":"2026-08-04 14:26:53"}
{"level":"info","message":"All loaders completed successfully","timestamp":"2026-08-04 14:26:53"}
{"level":"info","message":"Application initialized successfully","timestamp":"2026-08-04 14:26:53"}
{"level":"info","message":"Server running on http://localhost:9000","timestamp":"2026-08-04 14:26:53"}
{"level":"info","message":"SIGINT received. Shutting down gracefully...","timestamp":"2026-08-04 14:29:05"}
{"level":"info","message":"Database connected successfully","timestamp":"2026-08-04 14:29:11"}
{"level":"info","message":" Database loader initialized","timestamp":"2026-08-04 14:29:11"}
{"level":"info","message":"Express loader initialized","timestamp":"2026-08-04 14:29:11"}
{"level":"info","message":" Express loader initialized","timestamp":"2026-08-04 14:29:11"}
{"level":"info","message":"Routes configured","timestamp":"2026-08-04 14:29:11"}
{"level":"info","message":"Routes loader initialized","timestamp":"2026-08-04 14:29:11"}
{"level":"info","message":"Error handler initialized","timestamp":"2026-08-04 14:29:11"}
{"level":"info","message":"All loaders completed successfully","timestamp":"2026-08-04 14:29:11"}
{"level":"info","message":"Application initialized successfully","timestamp":"2026-08-04 14:29:11"}
{"level":"info","message":"Server running on http://localhost:9000","timestamp":"2026-08-04 14:29:11"}
{"level":"info","message":"SIGTERM received. Shutting down gracefully...","timestamp":"2026-08-04 14:30:05"}
{"level":"info","message":"Database connected successfully","timestamp":"2026-08-04 14:30:09"}
{"level":"info","message":" Database loader initialized","timestamp":"2026-08-04 14:30:09"}
{"level":"info","message":"Express loader initialized","timestamp":"2026-08-04 14:30:09"}
{"level":"info","message":" Express loader initialized","timestamp":"2026-08-04 14:30:09"}
{"level":"info","message":"Routes configured","timestamp":"2026-08-04 14:30:09"}
{"level":"info","message":"Routes loader initialized","timestamp":"2026-08-04 14:30:09"}
{"level":"info","message":"Error handler initialized","timestamp":"2026-08-04 14:30:09"}
{"level":"info","message":"All loaders completed successfully","timestamp":"2026-08-04 14:30:09"}
{"level":"info","message":"Application initialized successfully","timestamp":"2026-08-04 14:30:09"}
{"level":"info","message":"Server running on http://localhost:9000","timestamp":"2026-08-04 14:30:09"}
{"level":"info","message":"SIGTERM received. Shutting down gracefully...","timestamp":"2026-08-04 14:33:40"}
{"level":"info","message":"Database connected successfully","timestamp":"2026-08-04 14:33:41"}
{"level":"info","message":" Database loader initialized","timestamp":"2026-08-04 14:33:41"}
{"level":"info","message":"Express loader initialized","timestamp":"2026-08-04 14:33:41"}
{"level":"info","message":" Express loader initialized","timestamp":"2026-08-04 14:33:41"}
{"level":"info","message":"Routes configured","timestamp":"2026-08-04 14:33:41"}
{"level":"info","message":"Routes loader initialized","timestamp":"2026-08-04 14:33:41"}
{"level":"info","message":"Error handler initialized","timestamp":"2026-08-04 14:33:41"}
{"level":"info","message":"All loaders completed successfully","timestamp":"2026-08-04 14:33:41"}
{"level":"info","message":"Application initialized successfully","timestamp":"2026-08-04 14:33:41"}
{"level":"info","message":"SIGTERM received. Shutting down gracefully...","timestamp":"2026-08-04 14:33:43"}
{"level":"info","message":"Database connected successfully","timestamp":"2026-08-04 14:33:44"}
{"level":"info","message":" Database loader initialized","timestamp":"2026-08-04 14:33:44"}
{"level":"info","message":"Express loader initialized","timestamp":"2026-08-04 14:33:44"}
{"level":"info","message":" Express loader initialized","timestamp":"2026-08-04 14:33:44"}
{"level":"info","message":"Routes configured","timestamp":"2026-08-04 14:33:44"}
{"level":"info","message":"Routes loader initialized","timestamp":"2026-08-04 14:33:44"}
{"level":"info","message":"Error handler initialized","timestamp":"2026-08-04 14:33:44"}
{"level":"info","message":"All loaders completed successfully","timestamp":"2026-08-04 14:33:44"}
{"level":"info","message":"Application initialized successfully","timestamp":"2026-08-04 14:33:44"}
{"level":"info","message":"SIGTERM received. Shutting down gracefully...","timestamp":"2026-08-04 14:36:20"}
{"level":"info","message":"Database connected successfully","timestamp":"2026-08-04 14:36:23"}
{"level":"info","message":" Database loader initialized","timestamp":"2026-08-04 14:36:23"}
{"level":"info","message":"Express loader initialized","timestamp":"2026-08-04 14:36:23"}
{"level":"info","message":" Express loader initialized","timestamp":"2026-08-04 14:36:23"}
{"level":"info","message":"Routes configured","timestamp":"2026-08-04 14:36:23"}
{"level":"info","message":"Routes loader initialized","timestamp":"2026-08-04 14:36:23"}
{"level":"info","message":"Error handler initialized","timestamp":"2026-08-04 14:36:23"}
{"level":"info","message":"All loaders completed successfully","timestamp":"2026-08-04 14:36:23"}
{"level":"info","message":"Application initialized successfully","timestamp":"2026-08-04 14:36:23"}
{"level":"info","message":"SIGTERM received. Shutting down gracefully...","timestamp":"2026-08-04 14:36:24"}
{"level":"info","message":"Database connected successfully","timestamp":"2026-08-04 14:36:25"}
{"level":"info","message":" Database loader initialized","timestamp":"2026-08-04 14:36:25"}
{"level":"info","message":"Express loader initialized","timestamp":"2026-08-04 14:36:25"}
{"level":"info","message":" Express loader initialized","timestamp":"2026-08-04 14:36:25"}
{"level":"info","message":"Routes configured","timestamp":"2026-08-04 14:36:25"}
{"level":"info","message":"Routes loader initialized","timestamp":"2026-08-04 14:36:25"}
{"level":"info","message":"Error handler initialized","timestamp":"2026-08-04 14:36:25"}
{"level":"info","message":"All loaders completed successfully","timestamp":"2026-08-04 14:36:25"}
{"level":"info","message":"Application initialized successfully","timestamp":"2026-08-04 14:36:25"}
{"level":"info","message":"SIGTERM received. Shutting down gracefully...","timestamp":"2026-08-04 14:36:27"}
{"level":"info","message":"Database connected successfully","timestamp":"2026-08-04 14:36:28"}
{"level":"info","message":" Database loader initialized","timestamp":"2026-08-04 14:36:28"}
{"level":"info","message":"Express loader initialized","timestamp":"2026-08-04 14:36:28"}
{"level":"info","message":" Express loader initialized","timestamp":"2026-08-04 14:36:28"}
{"level":"info","message":"Routes configured","timestamp":"2026-08-04 14:36:28"}
{"level":"info","message":"Routes loader initialized","timestamp":"2026-08-04 14:36:28"}
{"level":"info","message":"Error handler initialized","timestamp":"2026-08-04 14:36:28"}
{"level":"info","message":"All loaders completed successfully","timestamp":"2026-08-04 14:36:28"}
{"level":"info","message":"Application initialized successfully","timestamp":"2026-08-04 14:36:28"}
{"level":"info","message":"SIGTERM received. Shutting down gracefully...","timestamp":"2026-08-04 14:36:29"}
{"level":"info","message":"Database connected successfully","timestamp":"2026-08-04 14:36:31"}
{"level":"info","message":" Database loader initialized","timestamp":"2026-08-04 14:36:31"}
{"level":"info","message":"Express loader initialized","timestamp":"2026-08-04 14:36:31"}
{"level":"info","message":" Express loader initialized","timestamp":"2026-08-04 14:36:31"}
{"level":"info","message":"Routes configured","timestamp":"2026-08-04 14:36:31"}
{"level":"info","message":"Routes loader initialized","timestamp":"2026-08-04 14:36:31"}
{"level":"info","message":"Error handler initialized","timestamp":"2026-08-04 14:36:31"}
{"level":"info","message":"All loaders completed successfully","timestamp":"2026-08-04 14:36:31"}
{"level":"info","message":"Application initialized successfully","timestamp":"2026-08-04 14:36:31"}
{"level":"info","message":"SIGTERM received. Shutting down gracefully...","timestamp":"2026-08-04 14:36:31"}
{"level":"info","message":"Database connected successfully","timestamp":"2026-08-04 14:36:32"}
{"level":"info","message":" Database loader initialized","timestamp":"2026-08-04 14:36:32"}
{"level":"info","message":"Express loader initialized","timestamp":"2026-08-04 14:36:32"}
{"level":"info","message":" Express loader initialized","timestamp":"2026-08-04 14:36:32"}
{"level":"info","message":"Routes configured","timestamp":"2026-08-04 14:36:32"}
{"level":"info","message":"Routes loader initialized","timestamp":"2026-08-04 14:36:32"}
{"level":"info","message":"Error handler initialized","timestamp":"2026-08-04 14:36:32"}
{"level":"info","message":"All loaders completed successfully","timestamp":"2026-08-04 14:36:32"}
{"level":"info","message":"Application initialized successfully","timestamp":"2026-08-04 14:36:32"}
{"level":"info","message":"Database connected successfully","timestamp":"2026-08-06 10:44:46"}
{"level":"info","message":" Database loader initialized","timestamp":"2026-08-06 10:44:46"}
{"level":"info","message":"Express loader initialized","timestamp":"2026-08-06 10:44:46"}
{"level":"info","message":" Express loader initialized","timestamp":"2026-08-06 10:44:46"}
{"level":"info","message":"Routes configured","timestamp":"2026-08-06 10:44:46"}
{"level":"info","message":"Routes loader initialized","timestamp":"2026-08-06 10:44:46"}
{"level":"info","message":"Error handler initialized","timestamp":"2026-08-06 10:44:46"}
{"level":"info","message":"All loaders completed successfully","timestamp":"2026-08-06 10:44:46"}
{"level":"info","message":"Application initialized successfully","timestamp":"2026-08-06 10:44:46"}
{"level":"info","message":"SIGINT received. Shutting down gracefully...","timestamp":"2026-08-06 10:44:55"}
{"level":"info","message":"Database connected successfully","timestamp":"2026-08-06 10:45:13"}
{"level":"info","message":" Database loader initialized","timestamp":"2026-08-06 10:45:13"}
{"level":"info","message":"Express loader initialized","timestamp":"2026-08-06 10:45:13"}
{"level":"info","message":" Express loader initialized","timestamp":"2026-08-06 10:45:13"}
{"level":"info","message":"Routes configured","timestamp":"2026-08-06 10:45:13"}
{"level":"info","message":"Routes loader initialized","timestamp":"2026-08-06 10:45:13"}
{"level":"info","message":"Error handler initialized","timestamp":"2026-08-06 10:45:13"}
{"level":"info","message":"All loaders completed successfully","timestamp":"2026-08-06 10:45:13"}
{"level":"info","message":"Application initialized successfully","timestamp":"2026-08-06 10:45:13"}
{"level":"info","message":"SIGTERM received. Shutting down gracefully...","timestamp":"2026-08-06 10:48:37"}
{"level":"info","message":"Database connected successfully","timestamp":"2026-08-06 10:48:49"}
{"level":"info","message":" Database loader initialized","timestamp":"2026-08-06 10:48:49"}
{"level":"info","message":"Express loader initialized","timestamp":"2026-08-06 10:48:49"}
{"level":"info","message":" Express loader initialized","timestamp":"2026-08-06 10:48:49"}
{"level":"info","message":"Routes configured","timestamp":"2026-08-06 10:48:49"}
{"level":"info","message":"Routes loader initialized","timestamp":"2026-08-06 10:48:49"}
{"level":"info","message":"Error handler initialized","timestamp":"2026-08-06 10:48:49"}
{"level":"info","message":"All loaders completed successfully","timestamp":"2026-08-06 10:48:49"}
{"level":"info","message":"Application initialized successfully","timestamp":"2026-08-06 10:48:49"}
{"level":"info","message":"SIGTERM received. Shutting down gracefully...","timestamp":"2026-08-06 10:49:05"}
{"level":"info","message":"Database connected successfully","timestamp":"2026-08-06 10:49:16"}
{"level":"info","message":" Database loader initialized","timestamp":"2026-08-06 10:49:16"}
{"level":"info","message":"Express loader initialized","timestamp":"2026-08-06 10:49:16"}
{"level":"info","message":" Express loader initialized","timestamp":"2026-08-06 10:49:16"}
{"level":"info","message":"Routes configured","timestamp":"2026-08-06 10:49:16"}
{"level":"info","message":"Routes loader initialized","timestamp":"2026-08-06 10:49:16"}
{"level":"info","message":"Error handler initialized","timestamp":"2026-08-06 10:49:16"}
{"level":"info","message":"All loaders completed successfully","timestamp":"2026-08-06 10:49:16"}
{"level":"info","message":"Application initialized successfully","timestamp":"2026-08-06 10:49:16"}
{"level":"info","message":"SIGTERM received. Shutting down gracefully...","timestamp":"2026-08-06 10:49:58"}
{"level":"info","message":"Database connected successfully","timestamp":"2026-08-06 10:50:09"}
{"level":"info","message":" Database loader initialized","timestamp":"2026-08-06 10:50:09"}
{"level":"info","message":"Express loader initialized","timestamp":"2026-08-06 10:50:09"}
{"level":"info","message":" Express loader initialized","timestamp":"2026-08-06 10:50:09"}
{"level":"info","message":"Routes configured","timestamp":"2026-08-06 10:50:09"}
{"level":"info","message":"Routes loader initialized","timestamp":"2026-08-06 10:50:09"}
{"level":"info","message":"Error handler initialized","timestamp":"2026-08-06 10:50:09"}
{"level":"info","message":"All loaders completed successfully","timestamp":"2026-08-06 10:50:09"}
{"level":"info","message":"Application initialized successfully","timestamp":"2026-08-06 10:50:09"}
{"errors":{},"ip":"::1","level":"error","message":"Validation failed","method":"POST","stack":"Error: Validation failed\n    at <anonymous> (/home/mie-kely/invoice/src/middlewares/validation.middleware.ts:22:11)","statusCode":400,"timestamp":"2026-08-06 10:51:06","url":"/invoices"}
{"level":"info","message":"SIGTERM received. Shutting down gracefully...","timestamp":"2026-08-06 10:51:55"}
{"level":"info","message":"Database connected successfully","timestamp":"2026-08-06 10:52:10"}
{"level":"info","message":" Database loader initialized","timestamp":"2026-08-06 10:52:10"}
{"level":"info","message":"Express loader initialized","timestamp":"2026-08-06 10:52:10"}
{"level":"info","message":" Express loader initialized","timestamp":"2026-08-06 10:52:10"}
{"level":"info","message":"Routes configured","timestamp":"2026-08-06 10:52:10"}
{"level":"info","message":"Routes loader initialized","timestamp":"2026-08-06 10:52:10"}
{"level":"info","message":"Error handler initialized","timestamp":"2026-08-06 10:52:10"}
{"level":"info","message":"All loaders completed successfully","timestamp":"2026-08-06 10:52:10"}
{"level":"info","message":"Application initialized successfully","timestamp":"2026-08-06 10:52:10"}
{"ip":"::1","level":"error","message":"Cannot read properties of undefined (reading 'clientEmail')","method":"POST","stack":"TypeError: Cannot read properties of undefined (reading 'clientEmail')\n    at InvoiceService.create (/home/mie-kely/invoice/src/services/invoice.service.ts:16:25)\n    at <anonymous> (/home/mie-kely/invoice/src/controllers/invoice.controllers.ts:13:51)\n    at InvoiceController.create (/home/mie-kely/invoice/src/middlewares/error.middleware.ts:106:25)\n    at Layer.handleRequest (/home/mie-kely/invoice/node_modules/.pnpm/router@2.2.0_supports-color@7.2.0/node_modules/router/lib/layer.js:152:17)\n    at next (/home/mie-kely/invoice/node_modules/.pnpm/router@2.2.0_supports-color@7.2.0/node_modules/router/lib/route.js:157:13)\n    at Route.dispatch (/home/mie-kely/invoice/node_modules/.pnpm/router@2.2.0_supports-color@7.2.0/node_modules/router/lib/route.js:117:3)\n    at handle (/home/mie-kely/invoice/node_modules/.pnpm/router@2.2.0_supports-color@7.2.0/node_modules/router/index.js:435:11)\n    at Layer.handleRequest (/home/mie-kely/invoice/node_modules/.pnpm/router@2.2.0_supports-color@7.2.0/node_modules/router/lib/layer.js:152:17)\n    at /home/mie-kely/invoice/node_modules/.pnpm/router@2.2.0_supports-color@7.2.0/node_modules/router/index.js:295:15\n    at processParams (/home/mie-kely/invoice/node_modules/.pnpm/router@2.2.0_supports-color@7.2.0/node_modules/router/index.js:582:12)","statusCode":500,"timestamp":"2026-08-06 10:52:12","url":"/invoices"}
{"level":"info","message":"Fetching all invoices","timestamp":"2026-08-06 10:54:31"}
{"ip":"::1","level":"error","message":"\nInvalid `this.prisma.invoice.findMany()` invocation in\n/home/mie-kely/invoice/src/repositories/invoice.repository.ts:50:34\n\n  47 }\n  48   \n  49 async findAll(): Promise<InvoiceWithProducts[]> {\n→ 50   return this.prisma.invoice.findMany(\nDatabase error. Code: `45028`. Message: `pool timeout: failed to retrieve a connection from pool after 10001ms\n    (pool connections: active=0 idle=0 limit=10)`","method":"GET","stack":"PrismaClientKnownRequestError: \nInvalid `this.prisma.invoice.findMany()` invocation in\n/home/mie-kely/invoice/src/repositories/invoice.repository.ts:50:34\n\n  47 }\n  48   \n  49 async findAll(): Promise<InvoiceWithProducts[]> {\n→ 50   return this.prisma.invoice.findMany(\nDatabase error. Code: `45028`. Message: `pool timeout: failed to retrieve a connection from pool after 10001ms\n    (pool connections: active=0 idle=0 limit=10)`\n    at Jr.handleRequestError (/home/mie-kely/invoice/generated/prisma/runtime/client.js:69:8286)\n    at Jr.handleAndLogRequestError (/home/mie-kely/invoice/generated/prisma/runtime/client.js:69:7581)\n    at Jr.request (/home/mie-kely/invoice/generated/prisma/runtime/client.js:69:7288)\n    at process.processTicksAndRejections (node:internal/process/task_queues:103:5)\n    at async a (/home/mie-kely/invoice/generated/prisma/runtime/client.js:103:6862)\n    at async <anonymous> (/home/mie-kely/invoice/src/controllers/invoice.controllers.ts:19:26)","statusCode":500,"timestamp":"2026-08-06 10:54:41","url":"/invoices"}
{"level":"info","message":"Fetching all invoices","timestamp":"2026-08-06 10:56:00"}
{"ip":"::1","level":"error","message":"Cannot read properties of undefined (reading 'clientEmail')","method":"POST","stack":"TypeError: Cannot read properties of undefined (reading 'clientEmail')\n    at InvoiceService.create (/home/mie-kely/invoice/src/services/invoice.service.ts:16:25)\n    at <anonymous> (/home/mie-kely/invoice/src/controllers/invoice.controllers.ts:13:51)\n    at InvoiceController.create (/home/mie-kely/invoice/src/middlewares/error.middleware.ts:106:25)\n    at Layer.handleRequest (/home/mie-kely/invoice/node_modules/.pnpm/router@2.2.0_supports-color@7.2.0/node_modules/router/lib/layer.js:152:17)\n    at next (/home/mie-kely/invoice/node_modules/.pnpm/router@2.2.0_supports-color@7.2.0/node_modules/router/lib/route.js:157:13)\n    at Route.dispatch (/home/mie-kely/invoice/node_modules/.pnpm/router@2.2.0_supports-color@7.2.0/node_modules/router/lib/route.js:117:3)\n    at handle (/home/mie-kely/invoice/node_modules/.pnpm/router@2.2.0_supports-color@7.2.0/node_modules/router/index.js:435:11)\n    at Layer.handleRequest (/home/mie-kely/invoice/node_modules/.pnpm/router@2.2.0_supports-color@7.2.0/node_modules/router/lib/layer.js:152:17)\n    at /home/mie-kely/invoice/node_modules/.pnpm/router@2.2.0_supports-color@7.2.0/node_modules/router/index.js:295:15\n    at processParams (/home/mie-kely/invoice/node_modules/.pnpm/router@2.2.0_supports-color@7.2.0/node_modules/router/index.js:582:12)","statusCode":500,"timestamp":"2026-08-06 10:56:10","url":"/invoices"}
{"level":"info","message":"SIGTERM received. Shutting down gracefully...","timestamp":"2026-08-06 11:01:41"}
{"level":"info","message":"Database connected successfully","timestamp":"2026-08-06 11:01:43"}
{"level":"info","message":" Database loader initialized","timestamp":"2026-08-06 11:01:43"}
{"level":"info","message":"Express loader initialized","timestamp":"2026-08-06 11:01:43"}
{"level":"info","message":" Express loader initialized","timestamp":"2026-08-06 11:01:43"}
{"level":"info","message":"Routes configured","timestamp":"2026-08-06 11:01:43"}
{"level":"info","message":"Routes loader initialized","timestamp":"2026-08-06 11:01:43"}
{"level":"info","message":"Error handler initialized","timestamp":"2026-08-06 11:01:43"}
{"level":"info","message":"All loaders completed successfully","timestamp":"2026-08-06 11:01:43"}
{"level":"info","message":"Application initialized successfully","timestamp":"2026-08-06 11:01:43"}
{"level":"info","message":"Creating new invoice","timestamp":"2026-08-06 11:01:46"}
{"ip":"::1","level":"error","message":"Cannot read properties of undefined (reading 'products')","method":"POST","stack":"TypeError: Cannot read properties of undefined (reading 'products')\n    at InvoiceService.create (/home/mie-kely/invoice/src/services/invoice.service.ts:18:14)\n    at <anonymous> (/home/mie-kely/invoice/src/controllers/invoice.controllers.ts:13:51)\n    at InvoiceController.create (/home/mie-kely/invoice/src/middlewares/error.middleware.ts:106:25)\n    at Layer.handleRequest (/home/mie-kely/invoice/node_modules/.pnpm/router@2.2.0_supports-color@7.2.0/node_modules/router/lib/layer.js:152:17)\n    at next (/home/mie-kely/invoice/node_modules/.pnpm/router@2.2.0_supports-color@7.2.0/node_modules/router/lib/route.js:157:13)\n    at Route.dispatch (/home/mie-kely/invoice/node_modules/.pnpm/router@2.2.0_supports-color@7.2.0/node_modules/router/lib/route.js:117:3)\n    at handle (/home/mie-kely/invoice/node_modules/.pnpm/router@2.2.0_supports-color@7.2.0/node_modules/router/index.js:435:11)\n    at Layer.handleRequest (/home/mie-kely/invoice/node_modules/.pnpm/router@2.2.0_supports-color@7.2.0/node_modules/router/lib/layer.js:152:17)\n    at /home/mie-kely/invoice/node_modules/.pnpm/router@2.2.0_supports-color@7.2.0/node_modules/router/index.js:295:15\n    at processParams (/home/mie-kely/invoice/node_modules/.pnpm/router@2.2.0_supports-color@7.2.0/node_modules/router/index.js:582:12)","statusCode":500,"timestamp":"2026-08-06 11:01:46","url":"/invoices"}
{"level":"info","message":"SIGTERM received. Shutting down gracefully...","timestamp":"2026-08-06 11:02:31"}
{"level":"info","message":"Database connected successfully","timestamp":"2026-08-06 11:02:33"}
{"level":"info","message":" Database loader initialized","timestamp":"2026-08-06 11:02:33"}
{"level":"info","message":"Express loader initialized","timestamp":"2026-08-06 11:02:33"}
{"level":"info","message":" Express loader initialized","timestamp":"2026-08-06 11:02:33"}
{"level":"info","message":"Routes configured","timestamp":"2026-08-06 11:02:33"}
{"level":"info","message":"Routes loader initialized","timestamp":"2026-08-06 11:02:33"}
{"level":"info","message":"Error handler initialized","timestamp":"2026-08-06 11:02:33"}
{"level":"info","message":"All loaders completed successfully","timestamp":"2026-08-06 11:02:33"}
{"level":"info","message":"Application initialized successfully","timestamp":"2026-08-06 11:02:33"}
{"level":"info","message":"Creating new invoice","timestamp":"2026-08-06 11:02:35"}
{"ip":"::1","level":"error","message":"Cannot read properties of undefined (reading 'products')","method":"POST","stack":"TypeError: Cannot read properties of undefined (reading 'products')\n    at InvoiceService.create (/home/mie-kely/invoice/src/services/invoice.service.ts:27:32)\n    at <anonymous> (/home/mie-kely/invoice/src/controllers/invoice.controllers.ts:13:51)\n    at InvoiceController.create (/home/mie-kely/invoice/src/middlewares/error.middleware.ts:106:25)\n    at Layer.handleRequest (/home/mie-kely/invoice/node_modules/.pnpm/router@2.2.0_supports-color@7.2.0/node_modules/router/lib/layer.js:152:17)\n    at next (/home/mie-kely/invoice/node_modules/.pnpm/router@2.2.0_supports-color@7.2.0/node_modules/router/lib/route.js:157:13)\n    at Route.dispatch (/home/mie-kely/invoice/node_modules/.pnpm/router@2.2.0_supports-color@7.2.0/node_modules/router/lib/route.js:117:3)\n    at handle (/home/mie-kely/invoice/node_modules/.pnpm/router@2.2.0_supports-color@7.2.0/node_modules/router/index.js:435:11)\n    at Layer.handleRequest (/home/mie-kely/invoice/node_modules/.pnpm/router@2.2.0_supports-color@7.2.0/node_modules/router/lib/layer.js:152:17)\n    at /home/mie-kely/invoice/node_modules/.pnpm/router@2.2.0_supports-color@7.2.0/node_modules/router/index.js:295:15\n    at processParams (/home/mie-kely/invoice/node_modules/.pnpm/router@2.2.0_supports-color@7.2.0/node_modules/router/index.js:582:12)","statusCode":500,"timestamp":"2026-08-06 11:02:35","url":"/invoices"}
{"level":"info","message":"SIGTERM received. Shutting down gracefully...","timestamp":"2026-08-06 11:02:45"}
{"level":"info","message":"Database connected successfully","timestamp":"2026-08-06 11:02:46"}
{"level":"info","message":" Database loader initialized","timestamp":"2026-08-06 11:02:46"}
{"level":"info","message":"Express loader initialized","timestamp":"2026-08-06 11:02:46"}
{"level":"info","message":" Express loader initialized","timestamp":"2026-08-06 11:02:46"}
{"level":"info","message":"Routes configured","timestamp":"2026-08-06 11:02:46"}
{"level":"info","message":"Routes loader initialized","timestamp":"2026-08-06 11:02:46"}
{"level":"info","message":"Error handler initialized","timestamp":"2026-08-06 11:02:46"}
{"level":"info","message":"All loaders completed successfully","timestamp":"2026-08-06 11:02:46"}
{"level":"info","message":"Application initialized successfully","timestamp":"2026-08-06 11:02:46"}
{"ip":"::1","level":"error","message":"Cannot read properties of undefined (reading 'clientEmail')","method":"POST","stack":"TypeError: Cannot read properties of undefined (reading 'clientEmail')\n    at InvoiceService.create (/home/mie-kely/invoice/src/services/invoice.service.ts:16:25)\n    at <anonymous> (/home/mie-kely/invoice/src/controllers/invoice.controllers.ts:13:51)\n    at InvoiceController.create (/home/mie-kely/invoice/src/middlewares/error.middleware.ts:106:25)\n    at Layer.handleRequest (/home/mie-kely/invoice/node_modules/.pnpm/router@2.2.0_supports-color@7.2.0/node_modules/router/lib/layer.js:152:17)\n    at next (/home/mie-kely/invoice/node_modules/.pnpm/router@2.2.0_supports-color@7.2.0/node_modules/router/lib/route.js:157:13)\n    at Route.dispatch (/home/mie-kely/invoice/node_modules/.pnpm/router@2.2.0_supports-color@7.2.0/node_modules/router/lib/route.js:117:3)\n    at handle (/home/mie-kely/invoice/node_modules/.pnpm/router@2.2.0_supports-color@7.2.0/node_modules/router/index.js:435:11)\n    at Layer.handleRequest (/home/mie-kely/invoice/node_modules/.pnpm/router@2.2.0_supports-color@7.2.0/node_modules/router/lib/layer.js:152:17)\n    at /home/mie-kely/invoice/node_modules/.pnpm/router@2.2.0_supports-color@7.2.0/node_modules/router/index.js:295:15\n    at processParams (/home/mie-kely/invoice/node_modules/.pnpm/router@2.2.0_supports-color@7.2.0/node_modules/router/index.js:582:12)","statusCode":500,"timestamp":"2026-08-06 11:03:30","url":"/invoices"}
{"level":"info","message":"SIGTERM received. Shutting down gracefully...","timestamp":"2026-08-06 11:05:22"}
{"level":"info","message":"Database connected successfully","timestamp":"2026-08-06 11:05:23"}
{"level":"info","message":" Database loader initialized","timestamp":"2026-08-06 11:05:23"}
{"level":"info","message":"Express loader initialized","timestamp":"2026-08-06 11:05:23"}
{"level":"info","message":" Express loader initialized","timestamp":"2026-08-06 11:05:23"}
{"level":"info","message":"Routes configured","timestamp":"2026-08-06 11:05:23"}
{"level":"info","message":"Routes loader initialized","timestamp":"2026-08-06 11:05:23"}
{"level":"info","message":"Error handler initialized","timestamp":"2026-08-06 11:05:23"}
{"level":"info","message":"All loaders completed successfully","timestamp":"2026-08-06 11:05:23"}
{"level":"info","message":"Application initialized successfully","timestamp":"2026-08-06 11:05:23"}
{"level":"info","message":"SIGTERM received. Shutting down gracefully...","timestamp":"2026-08-06 11:06:17"}
{"level":"info","message":"Database connected successfully","timestamp":"2026-08-06 11:06:23"}
{"level":"info","message":" Database loader initialized","timestamp":"2026-08-06 11:06:23"}
{"level":"info","message":"Express loader initialized","timestamp":"2026-08-06 11:06:23"}
{"level":"info","message":" Express loader initialized","timestamp":"2026-08-06 11:06:23"}
{"level":"info","message":"Routes configured","timestamp":"2026-08-06 11:06:23"}
{"level":"info","message":"Routes loader initialized","timestamp":"2026-08-06 11:06:23"}
{"level":"info","message":"Error handler initialized","timestamp":"2026-08-06 11:06:23"}
{"level":"info","message":"All loaders completed successfully","timestamp":"2026-08-06 11:06:23"}
{"level":"info","message":"Application initialized successfully","timestamp":"2026-08-06 11:06:23"}
{"level":"info","message":"SIGTERM received. Shutting down gracefully...","timestamp":"2026-08-06 11:08:48"}
{"level":"info","message":"Database connected successfully","timestamp":"2026-08-06 11:08:50"}
{"level":"info","message":" Database loader initialized","timestamp":"2026-08-06 11:08:50"}
{"level":"info","message":"Express loader initialized","timestamp":"2026-08-06 11:08:50"}
{"level":"info","message":" Express loader initialized","timestamp":"2026-08-06 11:08:50"}
{"level":"info","message":"Routes configured","timestamp":"2026-08-06 11:08:50"}
{"level":"info","message":"Routes loader initialized","timestamp":"2026-08-06 11:08:50"}
{"level":"info","message":"Error handler initialized","timestamp":"2026-08-06 11:08:50"}
{"level":"info","message":"All loaders completed successfully","timestamp":"2026-08-06 11:08:50"}
{"level":"info","message":"Application initialized successfully","timestamp":"2026-08-06 11:08:50"}
{"level":"info","message":"SIGTERM received. Shutting down gracefully...","timestamp":"2026-08-06 11:08:54"}
{"level":"info","message":"Database connected successfully","timestamp":"2026-08-06 11:08:57"}
{"level":"info","message":" Database loader initialized","timestamp":"2026-08-06 11:08:57"}
{"level":"info","message":"Express loader initialized","timestamp":"2026-08-06 11:08:57"}
{"level":"info","message":" Express loader initialized","timestamp":"2026-08-06 11:08:57"}
{"level":"info","message":"Routes configured","timestamp":"2026-08-06 11:08:57"}
{"level":"info","message":"Routes loader initialized","timestamp":"2026-08-06 11:08:57"}
{"level":"info","message":"Error handler initialized","timestamp":"2026-08-06 11:08:57"}
{"level":"info","message":"All loaders completed successfully","timestamp":"2026-08-06 11:08:57"}
{"level":"info","message":"Application initialized successfully","timestamp":"2026-08-06 11:08:57"}
{"level":"info","message":"SIGTERM received. Shutting down gracefully...","timestamp":"2026-08-06 11:08:58"}
{"level":"info","message":"Database connected successfully","timestamp":"2026-08-06 11:09:03"}
{"level":"info","message":" Database loader initialized","timestamp":"2026-08-06 11:09:03"}
{"level":"info","message":"Express loader initialized","timestamp":"2026-08-06 11:09:03"}
{"level":"info","message":" Express loader initialized","timestamp":"2026-08-06 11:09:03"}
{"level":"info","message":"Routes configured","timestamp":"2026-08-06 11:09:03"}
{"level":"info","message":"Routes loader initialized","timestamp":"2026-08-06 11:09:03"}
{"level":"info","message":"Error handler initialized","timestamp":"2026-08-06 11:09:03"}
{"level":"info","message":"All loaders completed successfully","timestamp":"2026-08-06 11:09:03"}
{"level":"info","message":"Application initialized successfully","timestamp":"2026-08-06 11:09:03"}
{"errors":{},"ip":"::1","level":"error","message":"Validation failed","method":"POST","stack":"Error: Validation failed\n    at <anonymous> (/home/mie-kely/invoice/src/middlewares/validation.middleware.ts:22:11)","statusCode":400,"timestamp":"2026-08-06 11:11:36","url":"/invoices"}
{"level":"info","message":"SIGTERM received. Shutting down gracefully...","timestamp":"2026-08-06 11:14:54"}
{"level":"info","message":"Database connected successfully","timestamp":"2026-08-06 11:15:05"}
{"level":"info","message":" Database loader initialized","timestamp":"2026-08-06 11:15:05"}
{"level":"info","message":"Express loader initialized","timestamp":"2026-08-06 11:15:05"}
{"level":"info","message":" Express loader initialized","timestamp":"2026-08-06 11:15:05"}
{"level":"info","message":"Routes configured","timestamp":"2026-08-06 11:15:05"}
{"level":"info","message":"Routes loader initialized","timestamp":"2026-08-06 11:15:05"}
{"level":"info","message":"Error handler initialized","timestamp":"2026-08-06 11:15:05"}
{"level":"info","message":"All loaders completed successfully","timestamp":"2026-08-06 11:15:05"}
{"level":"info","message":"Application initialized successfully","timestamp":"2026-08-06 11:15:05"}
{"level":"info","message":"SIGTERM received. Shutting down gracefully...","timestamp":"2026-08-06 11:15:11"}
{"level":"info","message":"Database connected successfully","timestamp":"2026-08-06 11:15:12"}
{"level":"info","message":" Database loader initialized","timestamp":"2026-08-06 11:15:12"}
{"level":"info","message":"Express loader initialized","timestamp":"2026-08-06 11:15:12"}
{"level":"info","message":" Express loader initialized","timestamp":"2026-08-06 11:15:12"}
{"level":"info","message":"Routes configured","timestamp":"2026-08-06 11:15:12"}
{"level":"info","message":"Routes loader initialized","timestamp":"2026-08-06 11:15:12"}
{"level":"info","message":"Error handler initialized","timestamp":"2026-08-06 11:15:12"}
{"level":"info","message":"All loaders completed successfully","timestamp":"2026-08-06 11:15:12"}
{"level":"info","message":"Application initialized successfully","timestamp":"2026-08-06 11:15:12"}
{"errors":{},"ip":"::1","level":"error","message":"Validation failed","method":"POST","stack":"Error: Validation failed\n    at <anonymous> (/home/mie-kely/invoice/src/middlewares/validation.middleware.ts:22:11)","statusCode":400,"timestamp":"2026-08-06 11:15:15","url":"/invoices"}
{"level":"info","message":"SIGTERM received. Shutting down gracefully...","timestamp":"2026-08-06 11:18:45"}
{"level":"info","message":"Database connected successfully","timestamp":"2026-08-06 11:18:48"}
{"level":"info","message":" Database loader initialized","timestamp":"2026-08-06 11:18:48"}
{"level":"info","message":"Express loader initialized","timestamp":"2026-08-06 11:18:48"}
{"level":"info","message":" Express loader initialized","timestamp":"2026-08-06 11:18:48"}
{"level":"info","message":"Routes configured","timestamp":"2026-08-06 11:18:48"}
{"level":"info","message":"Routes loader initialized","timestamp":"2026-08-06 11:18:48"}
{"level":"info","message":"Error handler initialized","timestamp":"2026-08-06 11:18:48"}
{"level":"info","message":"All loaders completed successfully","timestamp":"2026-08-06 11:18:48"}
{"level":"info","message":"Application initialized successfully","timestamp":"2026-08-06 11:18:48"}
{"level":"info","message":"SIGTERM received. Shutting down gracefully...","timestamp":"2026-08-06 11:18:53"}
{"level":"info","message":"Database connected successfully","timestamp":"2026-08-06 11:18:55"}
{"level":"info","message":" Database loader initialized","timestamp":"2026-08-06 11:18:55"}
{"level":"info","message":"Express loader initialized","timestamp":"2026-08-06 11:18:55"}
{"level":"info","message":" Express loader initialized","timestamp":"2026-08-06 11:18:55"}
{"level":"info","message":"Routes configured","timestamp":"2026-08-06 11:18:55"}
{"level":"info","message":"Routes loader initialized","timestamp":"2026-08-06 11:18:55"}
{"level":"info","message":"Error handler initialized","timestamp":"2026-08-06 11:18:55"}
{"level":"info","message":"All loaders completed successfully","timestamp":"2026-08-06 11:18:55"}
{"level":"info","message":"Application initialized successfully","timestamp":"2026-08-06 11:18:55"}
{"level":"info","message":"SIGTERM received. Shutting down gracefully...","timestamp":"2026-08-06 11:18:56"}
{"level":"info","message":"Database connected successfully","timestamp":"2026-08-06 11:18:58"}
{"level":"info","message":" Database loader initialized","timestamp":"2026-08-06 11:18:58"}
{"level":"info","message":"Express loader initialized","timestamp":"2026-08-06 11:18:58"}
{"level":"info","message":" Express loader initialized","timestamp":"2026-08-06 11:18:58"}
{"level":"info","message":"Routes configured","timestamp":"2026-08-06 11:18:58"}
{"level":"info","message":"Routes loader initialized","timestamp":"2026-08-06 11:18:58"}
{"level":"info","message":"Error handler initialized","timestamp":"2026-08-06 11:18:58"}
{"level":"info","message":"All loaders completed successfully","timestamp":"2026-08-06 11:18:58"}
{"level":"info","message":"Application initialized successfully","timestamp":"2026-08-06 11:18:58"}
{"level":"info","message":"SIGTERM received. Shutting down gracefully...","timestamp":"2026-08-06 11:18:58"}
{"level":"info","message":"Database connected successfully","timestamp":"2026-08-06 11:19:01"}
{"level":"info","message":" Database loader initialized","timestamp":"2026-08-06 11:19:01"}
{"level":"info","message":"Express loader initialized","timestamp":"2026-08-06 11:19:01"}
{"level":"info","message":" Express loader initialized","timestamp":"2026-08-06 11:19:01"}
{"level":"info","message":"Routes configured","timestamp":"2026-08-06 11:19:01"}
{"level":"info","message":"Routes loader initialized","timestamp":"2026-08-06 11:19:01"}
{"level":"info","message":"Error handler initialized","timestamp":"2026-08-06 11:19:01"}
{"level":"info","message":"All loaders completed successfully","timestamp":"2026-08-06 11:19:01"}
{"level":"info","message":"Application initialized successfully","timestamp":"2026-08-06 11:19:01"}
{"level":"info","message":"SIGTERM received. Shutting down gracefully...","timestamp":"2026-08-06 11:19:03"}
{"level":"info","message":"Database connected successfully","timestamp":"2026-08-06 11:19:12"}
{"level":"info","message":" Database loader initialized","timestamp":"2026-08-06 11:19:12"}
{"level":"info","message":"Express loader initialized","timestamp":"2026-08-06 11:19:12"}
{"level":"info","message":" Express loader initialized","timestamp":"2026-08-06 11:19:12"}
{"level":"info","message":"Routes configured","timestamp":"2026-08-06 11:19:12"}
{"level":"info","message":"Routes loader initialized","timestamp":"2026-08-06 11:19:12"}
{"level":"info","message":"Error handler initialized","timestamp":"2026-08-06 11:19:12"}
{"level":"info","message":"All loaders completed successfully","timestamp":"2026-08-06 11:19:12"}
{"level":"info","message":"Application initialized successfully","timestamp":"2026-08-06 11:19:12"}
{"errors":{},"ip":"::1","level":"error","message":"Validation failed","method":"POST","stack":"Error: Validation failed\n    at <anonymous> (/home/mie-kely/invoice/src/middlewares/validation.middleware.ts:24:11)","statusCode":400,"timestamp":"2026-08-06 11:19:17","url":"/invoices"}
{"level":"info","message":"SIGTERM received. Shutting down gracefully...","timestamp":"2026-08-06 11:30:54"}
{"level":"info","message":"Database connected successfully","timestamp":"2026-08-06 11:30:57"}
{"level":"info","message":" Database loader initialized","timestamp":"2026-08-06 11:30:57"}
{"level":"info","message":"Express loader initialized","timestamp":"2026-08-06 11:30:57"}
{"level":"info","message":" Express loader initialized","timestamp":"2026-08-06 11:30:57"}
{"level":"info","message":"Routes configured","timestamp":"2026-08-06 11:30:57"}
{"level":"info","message":"Routes loader initialized","timestamp":"2026-08-06 11:30:57"}
{"level":"info","message":"Error handler initialized","timestamp":"2026-08-06 11:30:57"}
{"level":"info","message":"All loaders completed successfully","timestamp":"2026-08-06 11:30:57"}
{"level":"info","message":"Application initialized successfully","timestamp":"2026-08-06 11:30:57"}
{"level":"info","message":"SIGTERM received. Shutting down gracefully...","timestamp":"2026-08-06 11:30:57"}
{"level":"info","message":"Database connected successfully","timestamp":"2026-08-06 11:30:59"}
{"level":"info","message":" Database loader initialized","timestamp":"2026-08-06 11:30:59"}
{"level":"info","message":"Express loader initialized","timestamp":"2026-08-06 11:30:59"}
{"level":"info","message":" Express loader initialized","timestamp":"2026-08-06 11:30:59"}
{"level":"info","message":"Routes configured","timestamp":"2026-08-06 11:30:59"}
{"level":"info","message":"Routes loader initialized","timestamp":"2026-08-06 11:30:59"}
{"level":"info","message":"Error handler initialized","timestamp":"2026-08-06 11:30:59"}
{"level":"info","message":"All loaders completed successfully","timestamp":"2026-08-06 11:30:59"}
{"level":"info","message":"Application initialized successfully","timestamp":"2026-08-06 11:30:59"}
{"level":"info","message":"SIGTERM received. Shutting down gracefully...","timestamp":"2026-08-06 11:31:16"}
{"level":"info","message":"Database connected successfully","timestamp":"2026-08-06 11:31:17"}
{"level":"info","message":" Database loader initialized","timestamp":"2026-08-06 11:31:17"}
{"level":"info","message":"Express loader initialized","timestamp":"2026-08-06 11:31:17"}
{"level":"info","message":" Express loader initialized","timestamp":"2026-08-06 11:31:17"}
{"level":"info","message":"Routes configured","timestamp":"2026-08-06 11:31:17"}
{"level":"info","message":"Routes loader initialized","timestamp":"2026-08-06 11:31:17"}
{"level":"info","message":"Error handler initialized","timestamp":"2026-08-06 11:31:17"}
{"level":"info","message":"All loaders completed successfully","timestamp":"2026-08-06 11:31:17"}
{"level":"info","message":"Application initialized successfully","timestamp":"2026-08-06 11:31:17"}
{"level":"info","message":"SIGTERM received. Shutting down gracefully...","timestamp":"2026-08-06 11:31:23"}
{"level":"info","message":"Database connected successfully","timestamp":"2026-08-06 11:31:27"}
{"level":"info","message":" Database loader initialized","timestamp":"2026-08-06 11:31:27"}
{"level":"info","message":"Express loader initialized","timestamp":"2026-08-06 11:31:27"}
{"level":"info","message":" Express loader initialized","timestamp":"2026-08-06 11:31:27"}
{"level":"info","message":"Routes configured","timestamp":"2026-08-06 11:31:27"}
{"level":"info","message":"Routes loader initialized","timestamp":"2026-08-06 11:31:27"}
{"level":"info","message":"Error handler initialized","timestamp":"2026-08-06 11:31:27"}
{"level":"info","message":"All loaders completed successfully","timestamp":"2026-08-06 11:31:27"}
{"level":"info","message":"Application initialized successfully","timestamp":"2026-08-06 11:31:27"}
{"level":"info","message":"SIGTERM received. Shutting down gracefully...","timestamp":"2026-08-06 11:31:28"}
{"level":"info","message":"Database connected successfully","timestamp":"2026-08-06 11:31:29"}
{"level":"info","message":" Database loader initialized","timestamp":"2026-08-06 11:31:29"}
{"level":"info","message":"Express loader initialized","timestamp":"2026-08-06 11:31:29"}
{"level":"info","message":" Express loader initialized","timestamp":"2026-08-06 11:31:29"}
{"level":"info","message":"Routes configured","timestamp":"2026-08-06 11:31:29"}
{"level":"info","message":"Routes loader initialized","timestamp":"2026-08-06 11:31:29"}
{"level":"info","message":"Error handler initialized","timestamp":"2026-08-06 11:31:29"}
{"level":"info","message":"All loaders completed successfully","timestamp":"2026-08-06 11:31:29"}
{"level":"info","message":"Application initialized successfully","timestamp":"2026-08-06 11:31:29"}
{"level":"info","message":"SIGTERM received. Shutting down gracefully...","timestamp":"2026-08-06 11:31:44"}
{"level":"info","message":"Database connected successfully","timestamp":"2026-08-06 11:32:17"}
{"level":"info","message":" Database loader initialized","timestamp":"2026-08-06 11:32:17"}
{"level":"info","message":"Express loader initialized","timestamp":"2026-08-06 11:32:17"}
{"level":"info","message":" Express loader initialized","timestamp":"2026-08-06 11:32:17"}
{"level":"info","message":"Routes configured","timestamp":"2026-08-06 11:32:17"}
{"level":"info","message":"Routes loader initialized","timestamp":"2026-08-06 11:32:17"}
{"level":"info","message":"Error handler initialized","timestamp":"2026-08-06 11:32:17"}
{"level":"info","message":"All loaders completed successfully","timestamp":"2026-08-06 11:32:17"}
{"level":"info","message":"Application initialized successfully","timestamp":"2026-08-06 11:32:17"}
{"level":"info","message":"SIGTERM received. Shutting down gracefully...","timestamp":"2026-08-06 11:32:20"}
{"level":"info","message":"Database connected successfully","timestamp":"2026-08-06 11:34:18"}
{"level":"info","message":" Database loader initialized","timestamp":"2026-08-06 11:34:18"}
{"level":"info","message":"Express loader initialized","timestamp":"2026-08-06 11:34:18"}
{"level":"info","message":" Express loader initialized","timestamp":"2026-08-06 11:34:18"}
{"level":"info","message":"Routes configured","timestamp":"2026-08-06 11:34:18"}
{"level":"info","message":"Routes loader initialized","timestamp":"2026-08-06 11:34:18"}
{"level":"info","message":"Error handler initialized","timestamp":"2026-08-06 11:34:18"}
{"level":"info","message":"All loaders completed successfully","timestamp":"2026-08-06 11:34:18"}
{"level":"info","message":"Application initialized successfully","timestamp":"2026-08-06 11:34:18"}
{"level":"info","message":"SIGTERM received. Shutting down gracefully...","timestamp":"2026-08-06 11:34:40"}
{"level":"info","message":"Database connected successfully","timestamp":"2026-08-06 11:34:42"}
{"level":"info","message":" Database loader initialized","timestamp":"2026-08-06 11:34:42"}
{"level":"info","message":"Express loader initialized","timestamp":"2026-08-06 11:34:42"}
{"level":"info","message":" Express loader initialized","timestamp":"2026-08-06 11:34:42"}
{"level":"info","message":"Routes configured","timestamp":"2026-08-06 11:34:42"}
{"level":"info","message":"Routes loader initialized","timestamp":"2026-08-06 11:34:42"}
{"level":"info","message":"Error handler initialized","timestamp":"2026-08-06 11:34:42"}
{"level":"info","message":"All loaders completed successfully","timestamp":"2026-08-06 11:34:42"}
{"level":"info","message":"Application initialized successfully","timestamp":"2026-08-06 11:34:42"}
{"level":"info","message":"Incoming request: POST /invoices","timestamp":"2026-08-06 11:34:51"}
{"clientEmail":"client@example.com","level":"info","message":"Creating new invoice","timestamp":"2026-08-06 11:34:51"}
{"invoiceId":"cmsh9fqm70000jahfw36ab5dj","invoiceNumber":"INV-20260806-3307","level":"info","message":"Invoice created successfully","timestamp":"2026-08-06 11:34:51"}
{"level":"info","message":"SIGTERM received. Shutting down gracefully...","timestamp":"2026-08-06 11:35:01"}
{"level":"info","message":"Database connected successfully","timestamp":"2026-08-06 11:35:06"}
{"level":"info","message":" Database loader initialized","timestamp":"2026-08-06 11:35:06"}
{"level":"info","message":"Express loader initialized","timestamp":"2026-08-06 11:35:06"}
{"level":"info","message":" Express loader initialized","timestamp":"2026-08-06 11:35:06"}
{"level":"info","message":"Routes configured","timestamp":"2026-08-06 11:35:06"}
{"level":"info","message":"Routes loader initialized","timestamp":"2026-08-06 11:35:06"}
{"level":"info","message":"Error handler initialized","timestamp":"2026-08-06 11:35:06"}
{"level":"info","message":"All loaders completed successfully","timestamp":"2026-08-06 11:35:06"}
{"level":"info","message":"Application initialized successfully","timestamp":"2026-08-06 11:35:06"}
{"level":"info","message":"SIGTERM received. Shutting down gracefully...","timestamp":"2026-08-06 11:35:06"}
{"level":"info","message":"Database connected successfully","timestamp":"2026-08-06 11:35:08"}
{"level":"info","message":" Database loader initialized","timestamp":"2026-08-06 11:35:08"}
{"level":"info","message":"Express loader initialized","timestamp":"2026-08-06 11:35:08"}
{"level":"info","message":" Express loader initialized","timestamp":"2026-08-06 11:35:08"}
{"level":"info","message":"Routes configured","timestamp":"2026-08-06 11:35:08"}
{"level":"info","message":"Routes loader initialized","timestamp":"2026-08-06 11:35:08"}
{"level":"info","message":"Error handler initialized","timestamp":"2026-08-06 11:35:08"}
{"level":"info","message":"All loaders completed successfully","timestamp":"2026-08-06 11:35:08"}
{"level":"info","message":"Application initialized successfully","timestamp":"2026-08-06 11:35:08"}
{"level":"info","message":"SIGTERM received. Shutting down gracefully...","timestamp":"2026-08-06 11:35:09"}
{"level":"info","message":"Database connected successfully","timestamp":"2026-08-06 11:35:10"}
{"level":"info","message":" Database loader initialized","timestamp":"2026-08-06 11:35:10"}
{"level":"info","message":"Express loader initialized","timestamp":"2026-08-06 11:35:10"}
{"level":"info","message":" Express loader initialized","timestamp":"2026-08-06 11:35:10"}
{"level":"info","message":"Routes configured","timestamp":"2026-08-06 11:35:10"}
{"level":"info","message":"Routes loader initialized","timestamp":"2026-08-06 11:35:10"}
{"level":"info","message":"Error handler initialized","timestamp":"2026-08-06 11:35:10"}
{"level":"info","message":"All loaders completed successfully","timestamp":"2026-08-06 11:35:10"}
{"level":"info","message":"Application initialized successfully","timestamp":"2026-08-06 11:35:10"}
{"level":"info","message":"SIGTERM received. Shutting down gracefully...","timestamp":"2026-08-06 11:35:12"}
{"level":"info","message":"Database connected successfully","timestamp":"2026-08-06 11:35:13"}
{"level":"info","message":" Database loader initialized","timestamp":"2026-08-06 11:35:13"}
{"level":"info","message":"Express loader initialized","timestamp":"2026-08-06 11:35:13"}
{"level":"info","message":" Express loader initialized","timestamp":"2026-08-06 11:35:13"}
{"level":"info","message":"Routes configured","timestamp":"2026-08-06 11:35:13"}
{"level":"info","message":"Routes loader initialized","timestamp":"2026-08-06 11:35:13"}
{"level":"info","message":"Error handler initialized","timestamp":"2026-08-06 11:35:13"}
{"level":"info","message":"All loaders completed successfully","timestamp":"2026-08-06 11:35:13"}
{"level":"info","message":"Application initialized successfully","timestamp":"2026-08-06 11:35:13"}
{"level":"info","message":"SIGTERM received. Shutting down gracefully...","timestamp":"2026-08-06 11:37:33"}
{"level":"info","message":"Database connected successfully","timestamp":"2026-08-06 11:37:37"}
{"level":"info","message":" Database loader initialized","timestamp":"2026-08-06 11:37:37"}
{"level":"info","message":"Express loader initialized","timestamp":"2026-08-06 11:37:37"}
{"level":"info","message":" Express loader initialized","timestamp":"2026-08-06 11:37:37"}
{"level":"info","message":"Routes configured","timestamp":"2026-08-06 11:37:37"}
{"level":"info","message":"Routes loader initialized","timestamp":"2026-08-06 11:37:37"}
{"level":"info","message":"Error handler initialized","timestamp":"2026-08-06 11:37:37"}
{"level":"info","message":"All loaders completed successfully","timestamp":"2026-08-06 11:37:37"}
{"level":"info","message":"Application initialized successfully","timestamp":"2026-08-06 11:37:37"}
{"level":"info","message":"Incoming request: POST /invoices","timestamp":"2026-08-06 11:38:28"}
{"clientEmail":"client@example.com","level":"info","message":"Creating new invoice","timestamp":"2026-08-06 11:38:28"}
{"invoiceId":"cmsh9kegr0000vwhfcg9b5mxc","invoiceNumber":"INV-20260806-4987","level":"info","message":"Invoice created successfully","timestamp":"2026-08-06 11:38:29"}
{"level":"info","message":"SIGTERM received. Shutting down gracefully...","timestamp":"2026-08-06 11:38:59"}
{"level":"info","message":"Database connected successfully","timestamp":"2026-08-06 11:39:01"}
{"level":"info","message":" Database loader initialized","timestamp":"2026-08-06 11:39:01"}
{"level":"info","message":"Express loader initialized","timestamp":"2026-08-06 11:39:01"}
{"level":"info","message":" Express loader initialized","timestamp":"2026-08-06 11:39:01"}
{"level":"info","message":"Routes configured","timestamp":"2026-08-06 11:39:01"}
{"level":"info","message":"Routes loader initialized","timestamp":"2026-08-06 11:39:01"}
{"level":"info","message":"Error handler initialized","timestamp":"2026-08-06 11:39:01"}
{"level":"info","message":"All loaders completed successfully","timestamp":"2026-08-06 11:39:01"}
{"level":"info","message":"Application initialized successfully","timestamp":"2026-08-06 11:39:01"}
{"level":"info","message":"SIGTERM received. Shutting down gracefully...","timestamp":"2026-08-06 11:39:09"}
{"level":"info","message":"Database connected successfully","timestamp":"2026-08-06 11:39:11"}
{"level":"info","message":" Database loader initialized","timestamp":"2026-08-06 11:39:11"}
{"level":"info","message":"Express loader initialized","timestamp":"2026-08-06 11:39:11"}
{"level":"info","message":" Express loader initialized","timestamp":"2026-08-06 11:39:11"}
{"level":"info","message":"Routes configured","timestamp":"2026-08-06 11:39:11"}
{"level":"info","message":"Routes loader initialized","timestamp":"2026-08-06 11:39:11"}
{"level":"info","message":"Error handler initialized","timestamp":"2026-08-06 11:39:11"}
{"level":"info","message":"All loaders completed successfully","timestamp":"2026-08-06 11:39:11"}
{"level":"info","message":"Application initialized successfully","timestamp":"2026-08-06 11:39:11"}
{"level":"info","message":"Incoming request: GET /invoices","timestamp":"2026-08-06 11:40:49"}
{"level":"info","message":"Fetching all invoices","timestamp":"2026-08-06 11:40:49"}
{"level":"info","message":"Incoming request: GET /invoices/cmsh9fqm70000jahfw36ab5dj","timestamp":"2026-08-06 11:42:07"}
{"id":"cmsh9fqm70000jahfw36ab5dj","level":"info","message":"Fetching invoice","timestamp":"2026-08-06 11:42:07"}
{"level":"info","message":"Incoming request: PUT /invoices/cmsh9kegr0000vwhfcg9b5mxc","timestamp":"2026-08-06 11:43:51"}
{"id":"cmsh9kegr0000vwhfcg9b5mxc","level":"info","message":"Fetching invoice","timestamp":"2026-08-06 11:43:51"}
{"ip":"::1","level":"error","message":"Cannot read properties of undefined (reading 'reduce')","method":"PUT","stack":"TypeError: Cannot read properties of undefined (reading 'reduce')\n    at calculateTotal (/home/mie-kely/invoice/src/utils/calculate-total.ts:6:19)\n    at InvoiceService.update (/home/mie-kely/invoice/src/services/invoice.service.ts:95:19)\n    at process.processTicksAndRejections (node:internal/process/task_queues:103:5)\n    at async <anonymous> (/home/mie-kely/invoice/src/controllers/invoice.controllers.ts:31:25)","statusCode":500,"timestamp":"2026-08-06 11:43:51","url":"/invoices/cmsh9kegr0000vwhfcg9b5mxc"}
{"level":"info","message":"SIGTERM received. Shutting down gracefully...","timestamp":"2026-08-06 11:49:57"}
{"level":"info","message":"Database connected successfully","timestamp":"2026-08-06 11:50:01"}
{"level":"info","message":" Database loader initialized","timestamp":"2026-08-06 11:50:01"}
{"level":"info","message":"Express loader initialized","timestamp":"2026-08-06 11:50:01"}
{"level":"info","message":" Express loader initialized","timestamp":"2026-08-06 11:50:01"}
{"level":"info","message":"Routes configured","timestamp":"2026-08-06 11:50:01"}
{"level":"info","message":"Routes loader initialized","timestamp":"2026-08-06 11:50:01"}
{"level":"info","message":"Error handler initialized","timestamp":"2026-08-06 11:50:01"}
{"level":"info","message":"All loaders completed successfully","timestamp":"2026-08-06 11:50:01"}
{"level":"info","message":"Application initialized successfully","timestamp":"2026-08-06 11:50:01"}
{"level":"info","message":"Incoming request: PUT /invoices/cmsh9kegr0000vwhfcg9b5mxc","timestamp":"2026-08-06 11:50:23"}
{"ip":"::1","level":"error","message":"Cannot read properties of undefined (reading 'reduce')","method":"PUT","stack":"TypeError: Cannot read properties of undefined (reading 'reduce')\n    at calculateTotal (/home/mie-kely/invoice/src/utils/calculate-total.ts:6:19)\n    at InvoiceService.update (/home/mie-kely/invoice/src/services/invoice.service.ts:95:19)\n    at process.processTicksAndRejections (node:internal/process/task_queues:103:5)\n    at async <anonymous> (/home/mie-kely/invoice/src/controllers/invoice.controllers.ts:31:25)","statusCode":500,"timestamp":"2026-08-06 11:50:23","url":"/invoices/cmsh9kegr0000vwhfcg9b5mxc"}
{"level":"info","message":"SIGTERM received. Shutting down gracefully...","timestamp":"2026-08-06 11:54:13"}
{"level":"info","message":"Database connected successfully","timestamp":"2026-08-06 11:54:15"}
{"level":"info","message":" Database loader initialized","timestamp":"2026-08-06 11:54:15"}
{"level":"info","message":"Express loader initialized","timestamp":"2026-08-06 11:54:15"}
{"level":"info","message":" Express loader initialized","timestamp":"2026-08-06 11:54:15"}
{"level":"info","message":"Routes configured","timestamp":"2026-08-06 11:54:15"}
{"level":"info","message":"Routes loader initialized","timestamp":"2026-08-06 11:54:15"}
{"level":"info","message":"Error handler initialized","timestamp":"2026-08-06 11:54:15"}
{"level":"info","message":"All loaders completed successfully","timestamp":"2026-08-06 11:54:15"}
{"level":"info","message":"Application initialized successfully","timestamp":"2026-08-06 11:54:15"}
{"level":"info","message":"SIGTERM received. Shutting down gracefully...","timestamp":"2026-08-06 11:54:17"}
{"level":"info","message":"Database connected successfully","timestamp":"2026-08-06 11:54:19"}
{"level":"info","message":" Database loader initialized","timestamp":"2026-08-06 11:54:19"}
{"level":"info","message":"Express loader initialized","timestamp":"2026-08-06 11:54:19"}
{"level":"info","message":" Express loader initialized","timestamp":"2026-08-06 11:54:19"}
{"level":"info","message":"Routes configured","timestamp":"2026-08-06 11:54:19"}
{"level":"info","message":"Routes loader initialized","timestamp":"2026-08-06 11:54:19"}
{"level":"info","message":"Error handler initialized","timestamp":"2026-08-06 11:54:19"}
{"level":"info","message":"All loaders completed successfully","timestamp":"2026-08-06 11:54:19"}
{"level":"info","message":"Application initialized successfully","timestamp":"2026-08-06 11:54:19"}
{"level":"info","message":"SIGTERM received. Shutting down gracefully...","timestamp":"2026-08-06 11:54:21"}
{"level":"info","message":"Database connected successfully","timestamp":"2026-08-06 11:54:22"}
{"level":"info","message":" Database loader initialized","timestamp":"2026-08-06 11:54:22"}
{"level":"info","message":"Express loader initialized","timestamp":"2026-08-06 11:54:22"}
{"level":"info","message":" Express loader initialized","timestamp":"2026-08-06 11:54:22"}
{"level":"info","message":"Routes configured","timestamp":"2026-08-06 11:54:22"}
{"level":"info","message":"Routes loader initialized","timestamp":"2026-08-06 11:54:22"}
{"level":"info","message":"Error handler initialized","timestamp":"2026-08-06 11:54:22"}
{"level":"info","message":"All loaders completed successfully","timestamp":"2026-08-06 11:54:22"}
{"level":"info","message":"Application initialized successfully","timestamp":"2026-08-06 11:54:22"}
{"level":"info","message":"SIGTERM received. Shutting down gracefully...","timestamp":"2026-08-06 11:54:24"}
{"level":"info","message":"Database connected successfully","timestamp":"2026-08-06 11:54:29"}
{"level":"info","message":" Database loader initialized","timestamp":"2026-08-06 11:54:29"}
{"level":"info","message":"Express loader initialized","timestamp":"2026-08-06 11:54:29"}
{"level":"info","message":" Express loader initialized","timestamp":"2026-08-06 11:54:29"}
{"level":"info","message":"Routes configured","timestamp":"2026-08-06 11:54:29"}
{"level":"info","message":"Routes loader initialized","timestamp":"2026-08-06 11:54:29"}
{"level":"info","message":"Error handler initialized","timestamp":"2026-08-06 11:54:29"}
{"level":"info","message":"All loaders completed successfully","timestamp":"2026-08-06 11:54:29"}
{"level":"info","message":"Application initialized successfully","timestamp":"2026-08-06 11:54:29"}
{"level":"info","message":"SIGTERM received. Shutting down gracefully...","timestamp":"2026-08-06 11:54:29"}
{"level":"info","message":"Database connected successfully","timestamp":"2026-08-06 11:54:31"}
{"level":"info","message":" Database loader initialized","timestamp":"2026-08-06 11:54:31"}
{"level":"info","message":"Express loader initialized","timestamp":"2026-08-06 11:54:31"}
{"level":"info","message":" Express loader initialized","timestamp":"2026-08-06 11:54:31"}
{"level":"info","message":"Routes configured","timestamp":"2026-08-06 11:54:31"}
{"level":"info","message":"Routes loader initialized","timestamp":"2026-08-06 11:54:31"}
{"level":"info","message":"Error handler initialized","timestamp":"2026-08-06 11:54:31"}
{"level":"info","message":"All loaders completed successfully","timestamp":"2026-08-06 11:54:31"}
{"level":"info","message":"Application initialized successfully","timestamp":"2026-08-06 11:54:31"}
{"level":"info","message":"SIGTERM received. Shutting down gracefully...","timestamp":"2026-08-06 11:59:32"}
{"level":"info","message":"Database connected successfully","timestamp":"2026-08-06 11:59:36"}
{"level":"info","message":" Database loader initialized","timestamp":"2026-08-06 11:59:36"}
{"level":"info","message":"Express loader initialized","timestamp":"2026-08-06 11:59:36"}
{"level":"info","message":" Express loader initialized","timestamp":"2026-08-06 11:59:36"}
{"level":"info","message":"Routes configured","timestamp":"2026-08-06 11:59:36"}
{"level":"info","message":"Routes loader initialized","timestamp":"2026-08-06 11:59:36"}
{"level":"info","message":"Error handler initialized","timestamp":"2026-08-06 11:59:36"}
{"level":"info","message":"All loaders completed successfully","timestamp":"2026-08-06 11:59:36"}
{"level":"info","message":"Application initialized successfully","timestamp":"2026-08-06 11:59:36"}
{"level":"info","message":"Incoming request: PATCH /invoices/cmsh9kegr0000vwhfcg9b5mxc","timestamp":"2026-08-06 11:59:40"}
{"ip":"::1","level":"error","message":"Cannot read properties of undefined (reading 'reduce')","method":"PATCH","stack":"TypeError: Cannot read properties of undefined (reading 'reduce')\n    at calculateTotal (/home/mie-kely/invoice/src/utils/calculate-total.ts:6:19)\n    at InvoiceService.update (/home/mie-kely/invoice/src/services/invoice.service.ts:95:19)\n    at process.processTicksAndRejections (node:internal/process/task_queues:103:5)\n    at async <anonymous> (/home/mie-kely/invoice/src/controllers/invoice.controllers.ts:31:25)","statusCode":500,"timestamp":"2026-08-06 11:59:40","url":"/invoices/cmsh9kegr0000vwhfcg9b5mxc"}
{"level":"info","message":"SIGTERM received. Shutting down gracefully...","timestamp":"2026-08-06 12:02:21"}
{"level":"info","message":"Database connected successfully","timestamp":"2026-08-06 12:02:27"}
{"level":"info","message":" Database loader initialized","timestamp":"2026-08-06 12:02:27"}
{"level":"info","message":"Express loader initialized","timestamp":"2026-08-06 12:02:27"}
{"level":"info","message":" Express loader initialized","timestamp":"2026-08-06 12:02:27"}
{"level":"info","message":"Routes configured","timestamp":"2026-08-06 12:02:27"}
{"level":"info","message":"Routes loader initialized","timestamp":"2026-08-06 12:02:27"}
{"level":"info","message":"Error handler initialized","timestamp":"2026-08-06 12:02:27"}
{"level":"info","message":"All loaders completed successfully","timestamp":"2026-08-06 12:02:27"}
{"level":"info","message":"Application initialized successfully","timestamp":"2026-08-06 12:02:27"}
{"level":"info","message":"SIGTERM received. Shutting down gracefully...","timestamp":"2026-08-06 12:02:37"}
{"level":"info","message":"Database connected successfully","timestamp":"2026-08-06 12:02:38"}
{"level":"info","message":" Database loader initialized","timestamp":"2026-08-06 12:02:38"}
{"level":"info","message":"Express loader initialized","timestamp":"2026-08-06 12:02:38"}
{"level":"info","message":" Express loader initialized","timestamp":"2026-08-06 12:02:38"}
{"level":"info","message":"Routes configured","timestamp":"2026-08-06 12:02:38"}
{"level":"info","message":"Routes loader initialized","timestamp":"2026-08-06 12:02:38"}
{"level":"info","message":"Error handler initialized","timestamp":"2026-08-06 12:02:38"}
{"level":"info","message":"All loaders completed successfully","timestamp":"2026-08-06 12:02:38"}
{"level":"info","message":"Application initialized successfully","timestamp":"2026-08-06 12:02:38"}
{"level":"info","message":"SIGTERM received. Shutting down gracefully...","timestamp":"2026-08-06 12:04:40"}
{"level":"info","message":"Database connected successfully","timestamp":"2026-08-06 12:04:42"}
{"level":"info","message":" Database loader initialized","timestamp":"2026-08-06 12:04:42"}
{"level":"info","message":"Express loader initialized","timestamp":"2026-08-06 12:04:42"}
{"level":"info","message":" Express loader initialized","timestamp":"2026-08-06 12:04:42"}
{"level":"info","message":"Routes configured","timestamp":"2026-08-06 12:04:42"}
{"level":"info","message":"Routes loader initialized","timestamp":"2026-08-06 12:04:42"}
{"level":"info","message":"Error handler initialized","timestamp":"2026-08-06 12:04:42"}
{"level":"info","message":"All loaders completed successfully","timestamp":"2026-08-06 12:04:42"}
{"level":"info","message":"Application initialized successfully","timestamp":"2026-08-06 12:04:42"}
{"level":"info","message":"SIGTERM received. Shutting down gracefully...","timestamp":"2026-08-06 12:05:11"}
{"level":"info","message":"Database connected successfully","timestamp":"2026-08-06 12:05:16"}
{"level":"info","message":" Database loader initialized","timestamp":"2026-08-06 12:05:16"}
{"level":"info","message":"Express loader initialized","timestamp":"2026-08-06 12:05:16"}
{"level":"info","message":" Express loader initialized","timestamp":"2026-08-06 12:05:16"}
{"level":"info","message":"Routes configured","timestamp":"2026-08-06 12:05:16"}
{"level":"info","message":"Routes loader initialized","timestamp":"2026-08-06 12:05:16"}
{"level":"info","message":"Error handler initialized","timestamp":"2026-08-06 12:05:16"}
{"level":"info","message":"All loaders completed successfully","timestamp":"2026-08-06 12:05:16"}
{"level":"info","message":"Application initialized successfully","timestamp":"2026-08-06 12:05:16"}
{"level":"info","message":"Incoming request: PATCH /invoices/cmsh9kegr0000vwhfcg9b5mxc","timestamp":"2026-08-06 12:05:34"}
{"level":"info","message":"Database connected successfully","timestamp":"2026-08-10 11:36:58"}
{"level":"info","message":" Database loader initialized","timestamp":"2026-08-10 11:36:58"}
{"level":"info","message":"Express loader initialized","timestamp":"2026-08-10 11:36:58"}
{"level":"info","message":" Express loader initialized","timestamp":"2026-08-10 11:36:58"}
{"level":"info","message":"Routes configured","timestamp":"2026-08-10 11:36:58"}
{"level":"info","message":"Routes loader initialized","timestamp":"2026-08-10 11:36:58"}
{"level":"info","message":"Error handler initialized","timestamp":"2026-08-10 11:36:58"}
{"level":"info","message":"All loaders completed successfully","timestamp":"2026-08-10 11:36:58"}
{"level":"info","message":"Application initialized successfully","timestamp":"2026-08-10 11:36:58"}
{"level":"info","message":"SIGTERM received. Shutting down gracefully...","timestamp":"2026-08-10 11:39:31"}
{"level":"info","message":"Database connected successfully","timestamp":"2026-08-10 11:39:33"}
{"level":"info","message":" Database loader initialized","timestamp":"2026-08-10 11:39:33"}
{"level":"info","message":"Express loader initialized","timestamp":"2026-08-10 11:39:33"}
{"level":"info","message":" Express loader initialized","timestamp":"2026-08-10 11:39:33"}
{"level":"info","message":"Routes configured","timestamp":"2026-08-10 11:39:33"}
{"level":"info","message":"Routes loader initialized","timestamp":"2026-08-10 11:39:33"}
{"level":"info","message":"Error handler initialized","timestamp":"2026-08-10 11:39:33"}
{"level":"info","message":"All loaders completed successfully","timestamp":"2026-08-10 11:39:33"}
{"level":"info","message":"Application initialized successfully","timestamp":"2026-08-10 11:39:33"}
{"level":"info","message":"Incoming request: POST /invoices/cmsh9kegr0000vwhfcg9b5mxc/export","timestamp":"2026-08-10 11:40:32"}
{"errors":{},"ip":"::1","level":"error","message":"Validation failed","method":"POST","stack":"Error: Validation failed\n    at <anonymous> (/home/mie-kely/invoice/src/middlewares/validation.middleware.ts:26:11)\n    at process.processTicksAndRejections (node:internal/process/task_queues:103:5)","statusCode":400,"timestamp":"2026-08-10 11:40:32","url":"/invoices/cmsh9kegr0000vwhfcg9b5mxc/export"}
{"level":"info","message":"SIGTERM received. Shutting down gracefully...","timestamp":"2026-08-10 11:43:59"}
{"level":"info","message":"Database connected successfully","timestamp":"2026-08-10 11:44:04"}
{"level":"info","message":" Database loader initialized","timestamp":"2026-08-10 11:44:04"}
{"level":"info","message":"Express loader initialized","timestamp":"2026-08-10 11:44:04"}
{"level":"info","message":" Express loader initialized","timestamp":"2026-08-10 11:44:04"}
{"level":"info","message":"Routes configured","timestamp":"2026-08-10 11:44:04"}
{"level":"info","message":"Routes loader initialized","timestamp":"2026-08-10 11:44:04"}
{"level":"info","message":"Error handler initialized","timestamp":"2026-08-10 11:44:04"}
{"level":"info","message":"All loaders completed successfully","timestamp":"2026-08-10 11:44:04"}
{"level":"info","message":"Application initialized successfully","timestamp":"2026-08-10 11:44:04"}
{"level":"info","message":"Incoming request: POST /invoices/cmsh9kegr0000vwhfcg9b5mxc/export","timestamp":"2026-08-10 11:44:54"}
{"errors":{},"ip":"::1","level":"error","message":"Validation failed","method":"POST","stack":"Error: Validation failed\n    at <anonymous> (/home/mie-kely/invoice/src/middlewares/validation.middleware.ts:26:11)\n    at process.processTicksAndRejections (node:internal/process/task_queues:103:5)","statusCode":400,"timestamp":"2026-08-10 11:44:54","url":"/invoices/cmsh9kegr0000vwhfcg9b5mxc/export"}
{"level":"info","message":"SIGTERM received. Shutting down gracefully...","timestamp":"2026-08-10 11:51:10"}
{"level":"info","message":"Database connected successfully","timestamp":"2026-08-10 11:51:14"}
{"level":"info","message":" Database loader initialized","timestamp":"2026-08-10 11:51:14"}
{"level":"info","message":"Express loader initialized","timestamp":"2026-08-10 11:51:14"}
{"level":"info","message":" Express loader initialized","timestamp":"2026-08-10 11:51:14"}
{"level":"info","message":"Routes configured","timestamp":"2026-08-10 11:51:14"}
{"level":"info","message":"Routes loader initialized","timestamp":"2026-08-10 11:51:14"}
{"level":"info","message":"Error handler initialized","timestamp":"2026-08-10 11:51:14"}
{"level":"info","message":"All loaders completed successfully","timestamp":"2026-08-10 11:51:14"}
{"level":"info","message":"Application initialized successfully","timestamp":"2026-08-10 11:51:14"}
{"level":"info","message":"Incoming request: POST /invoices/cmsh9kegr0000vwhfcg9b5mxc/export","timestamp":"2026-08-10 11:51:20"}
{"level":"info","message":"Exportation de la facture cmsh9kegr0000vwhfcg9b5mxc au format A4","timestamp":"2026-08-10 11:51:20"}
{"error":{"code":"ENOENT","errno":-2,"path":"/home/mie-kely/invoice/src/services/src/templates/invoice.hbs","syscall":"access"},"invoiceId":"cmsh9kegr0000vwhfcg9b5mxc","level":"error","message":"Failed to generate HTML","timestamp":"2026-08-10 11:51:21"}
{"ip":"::1","level":"error","message":"Failed to generate invoice HTML","method":"POST","stack":"Error: Failed to generate invoice HTML\n    at InvoicePdfService.generateHTML (/home/mie-kely/invoice/src/services/invoice.pdf.service.ts:179:13)\n    at async InvoicePdfService.exportInvoice (/home/mie-kely/invoice/src/services/invoice.pdf.service.ts:268:22)\n    at async <anonymous> (/home/mie-kely/invoice/src/controllers/invoice.pdf.controller.ts:45:28)","statusCode":500,"timestamp":"2026-08-10 11:51:21","url":"/invoices/cmsh9kegr0000vwhfcg9b5mxc/export"}
{"level":"info","message":"SIGTERM received. Shutting down gracefully...","timestamp":"2026-08-10 11:54:43"}
{"level":"info","message":"Database connected successfully","timestamp":"2026-08-10 11:54:45"}
{"level":"info","message":" Database loader initialized","timestamp":"2026-08-10 11:54:45"}
{"level":"info","message":"Express loader initialized","timestamp":"2026-08-10 11:54:45"}
{"level":"info","message":" Express loader initialized","timestamp":"2026-08-10 11:54:45"}
{"level":"info","message":"Routes configured","timestamp":"2026-08-10 11:54:45"}
{"level":"info","message":"Routes loader initialized","timestamp":"2026-08-10 11:54:45"}
{"level":"info","message":"Error handler initialized","timestamp":"2026-08-10 11:54:45"}
{"level":"info","message":"All loaders completed successfully","timestamp":"2026-08-10 11:54:45"}
{"level":"info","message":"Application initialized successfully","timestamp":"2026-08-10 11:54:45"}
{"level":"info","message":"Incoming request: POST /invoices/cmsh9kegr0000vwhfcg9b5mxc/export","timestamp":"2026-08-10 11:54:49"}
{"level":"info","message":"Exportation de la facture cmsh9kegr0000vwhfcg9b5mxc au format A4","timestamp":"2026-08-10 11:54:49"}
{"error":{"code":"ENOENT","errno":-2,"path":"/home/mie-kely/invoice/src/services/src/templates/invoice.hbs","syscall":"access"},"level":"error","message":"Failed to generate invoice HTML","timestamp":"2026-08-10 11:54:49"}
{"ip":"::1","level":"error","message":"Failed to generate invoice HTML","method":"POST","stack":"Error: Failed to generate invoice HTML\n    at InvoicePdfService.generateHTML (/home/mie-kely/invoice/src/services/invoice.pdf.service.ts:182:13)\n    at async InvoicePdfService.exportInvoice (/home/mie-kely/invoice/src/services/invoice.pdf.service.ts:274:22)\n    at async <anonymous> (/home/mie-kely/invoice/src/controllers/invoice.pdf.controller.ts:45:28)","statusCode":500,"timestamp":"2026-08-10 11:54:49","url":"/invoices/cmsh9kegr0000vwhfcg9b5mxc/export"}
{"level":"info","message":"SIGTERM received. Shutting down gracefully...","timestamp":"2026-08-10 11:56:39"}
{"level":"info","message":"Database connected successfully","timestamp":"2026-08-10 11:56:45"}
{"level":"info","message":" Database loader initialized","timestamp":"2026-08-10 11:56:45"}
{"level":"info","message":"Express loader initialized","timestamp":"2026-08-10 11:56:45"}
{"level":"info","message":" Express loader initialized","timestamp":"2026-08-10 11:56:45"}
{"level":"info","message":"Routes configured","timestamp":"2026-08-10 11:56:45"}
{"level":"info","message":"Routes loader initialized","timestamp":"2026-08-10 11:56:45"}
{"level":"info","message":"Error handler initialized","timestamp":"2026-08-10 11:56:45"}
{"level":"info","message":"All loaders completed successfully","timestamp":"2026-08-10 11:56:45"}
{"level":"info","message":"Application initialized successfully","timestamp":"2026-08-10 11:56:45"}
{"level":"info","message":"SIGTERM received. Shutting down gracefully...","timestamp":"2026-08-10 11:56:49"}
{"level":"info","message":"Database connected successfully","timestamp":"2026-08-10 11:56:51"}
{"level":"info","message":" Database loader initialized","timestamp":"2026-08-10 11:56:51"}
{"level":"info","message":"Express loader initialized","timestamp":"2026-08-10 11:56:51"}
{"level":"info","message":" Express loader initialized","timestamp":"2026-08-10 11:56:51"}
{"level":"info","message":"Routes configured","timestamp":"2026-08-10 11:56:51"}
{"level":"info","message":"Routes loader initialized","timestamp":"2026-08-10 11:56:51"}
{"level":"info","message":"Error handler initialized","timestamp":"2026-08-10 11:56:51"}
{"level":"info","message":"All loaders completed successfully","timestamp":"2026-08-10 11:56:51"}
{"level":"info","message":"Application initialized successfully","timestamp":"2026-08-10 11:56:51"}
{"level":"info","message":"Incoming request: POST /invoices/cmsh9kegr0000vwhfcg9b5mxc/export","timestamp":"2026-08-10 11:56:54"}
{"level":"info","message":"Exportation de la facture cmsh9kegr0000vwhfcg9b5mxc au format A4","timestamp":"2026-08-10 11:56:54"}
{"ip":"::1","level":"error","message":"Failed to generate invoice HTML","method":"POST","stack":"Error: Failed to generate invoice HTML\n    at InvoicePdfService.generateHTML (/home/mie-kely/invoice/src/services/invoice.pdf.service.ts:180:13)\n    at async InvoicePdfService.exportInvoice (/home/mie-kely/invoice/src/services/invoice.pdf.service.ts:272:22)\n    at async <anonymous> (/home/mie-kely/invoice/src/controllers/invoice.pdf.controller.ts:45:28)","statusCode":500,"timestamp":"2026-08-10 11:56:54","url":"/invoices/cmsh9kegr0000vwhfcg9b5mxc/export"}
{"level":"info","message":"SIGTERM received. Shutting down gracefully...","timestamp":"2026-08-10 12:01:45"}
{"level":"info","message":"Database connected successfully","timestamp":"2026-08-10 12:01:47"}
{"level":"info","message":" Database loader initialized","timestamp":"2026-08-10 12:01:47"}
{"level":"info","message":"Express loader initialized","timestamp":"2026-08-10 12:01:47"}
{"level":"info","message":" Express loader initialized","timestamp":"2026-08-10 12:01:47"}
{"level":"info","message":"Routes configured","timestamp":"2026-08-10 12:01:47"}
{"level":"info","message":"Routes loader initialized","timestamp":"2026-08-10 12:01:47"}
{"level":"info","message":"Error handler initialized","timestamp":"2026-08-10 12:01:47"}
{"level":"info","message":"All loaders completed successfully","timestamp":"2026-08-10 12:01:47"}
{"level":"info","message":"Application initialized successfully","timestamp":"2026-08-10 12:01:47"}
{"level":"info","message":"SIGTERM received. Shutting down gracefully...","timestamp":"2026-08-10 12:01:47"}
{"level":"info","message":"Database connected successfully","timestamp":"2026-08-10 12:01:53"}
{"level":"info","message":" Database loader initialized","timestamp":"2026-08-10 12:01:53"}
{"level":"info","message":"Express loader initialized","timestamp":"2026-08-10 12:01:53"}
{"level":"info","message":" Express loader initialized","timestamp":"2026-08-10 12:01:53"}
{"level":"info","message":"Routes configured","timestamp":"2026-08-10 12:01:53"}
{"level":"info","message":"Routes loader initialized","timestamp":"2026-08-10 12:01:53"}
{"level":"info","message":"Error handler initialized","timestamp":"2026-08-10 12:01:53"}
{"level":"info","message":"All loaders completed successfully","timestamp":"2026-08-10 12:01:53"}
{"level":"info","message":"Application initialized successfully","timestamp":"2026-08-10 12:01:53"}
{"level":"info","message":"SIGTERM received. Shutting down gracefully...","timestamp":"2026-08-10 12:02:00"}
{"level":"info","message":"Database connected successfully","timestamp":"2026-08-10 12:02:02"}
{"level":"info","message":" Database loader initialized","timestamp":"2026-08-10 12:02:02"}
{"level":"info","message":"Express loader initialized","timestamp":"2026-08-10 12:02:02"}
{"level":"info","message":" Express loader initialized","timestamp":"2026-08-10 12:02:02"}
{"level":"info","message":"Routes configured","timestamp":"2026-08-10 12:02:02"}
{"level":"info","message":"Routes loader initialized","timestamp":"2026-08-10 12:02:02"}
{"level":"info","message":"Error handler initialized","timestamp":"2026-08-10 12:02:02"}
{"level":"info","message":"All loaders completed successfully","timestamp":"2026-08-10 12:02:02"}
{"level":"info","message":"Application initialized successfully","timestamp":"2026-08-10 12:02:02"}
{"level":"info","message":"SIGTERM received. Shutting down gracefully...","timestamp":"2026-08-10 12:02:05"}
{"level":"info","message":"Database connected successfully","timestamp":"2026-08-10 12:02:08"}
{"level":"info","message":" Database loader initialized","timestamp":"2026-08-10 12:02:08"}
{"level":"info","message":"Express loader initialized","timestamp":"2026-08-10 12:02:08"}
{"level":"info","message":" Express loader initialized","timestamp":"2026-08-10 12:02:08"}
{"level":"info","message":"Routes configured","timestamp":"2026-08-10 12:02:08"}
{"level":"info","message":"Routes loader initialized","timestamp":"2026-08-10 12:02:08"}
{"level":"info","message":"Error handler initialized","timestamp":"2026-08-10 12:02:08"}
{"level":"info","message":"All loaders completed successfully","timestamp":"2026-08-10 12:02:08"}
{"level":"info","message":"Application initialized successfully","timestamp":"2026-08-10 12:02:08"}
{"level":"info","message":"SIGTERM received. Shutting down gracefully...","timestamp":"2026-08-10 12:02:10"}
{"level":"info","message":"Database connected successfully","timestamp":"2026-08-10 12:02:12"}
{"level":"info","message":" Database loader initialized","timestamp":"2026-08-10 12:02:12"}
{"level":"info","message":"Express loader initialized","timestamp":"2026-08-10 12:02:12"}
{"level":"info","message":" Express loader initialized","timestamp":"2026-08-10 12:02:12"}
{"level":"info","message":"Routes configured","timestamp":"2026-08-10 12:02:12"}
{"level":"info","message":"Routes loader initialized","timestamp":"2026-08-10 12:02:12"}
{"level":"info","message":"Error handler initialized","timestamp":"2026-08-10 12:02:12"}
{"level":"info","message":"All loaders completed successfully","timestamp":"2026-08-10 12:02:12"}
{"level":"info","message":"Application initialized successfully","timestamp":"2026-08-10 12:02:12"}
{"level":"info","message":"Incoming request: POST /invoices/cmsh9kegr0000vwhfcg9b5mxc/export","timestamp":"2026-08-10 12:02:34"}
{"level":"info","message":"Exportation de la facture cmsh9kegr0000vwhfcg9b5mxc au format A4","timestamp":"2026-08-10 12:02:34"}
{"error":{},"invoiceNumber":"INV-20260806-4987","level":"error","message":"Failed to generate PDF","timestamp":"2026-08-10 12:02:34"}
{"ip":"::1","level":"error","message":"Failed to generate PDF document","method":"POST","stack":"Error: Failed to generate PDF document\n    at InvoicePdfService.generatePDF (/home/mie-kely/invoice/src/services/invoice.pdf.service.ts:238:13)\n    at async InvoicePdfService.exportInvoice (/home/mie-kely/invoice/src/services/invoice.pdf.service.ts:275:25)\n    at async <anonymous> (/home/mie-kely/invoice/src/controllers/invoice.pdf.controller.ts:45:28)","statusCode":500,"timestamp":"2026-08-10 12:02:34","url":"/invoices/cmsh9kegr0000vwhfcg9b5mxc/export"}
{"level":"info","message":"SIGTERM received. Shutting down gracefully...","timestamp":"2026-08-10 12:06:12"}
{"level":"info","message":"Database connected successfully","timestamp":"2026-08-10 12:06:14"}
{"level":"info","message":" Database loader initialized","timestamp":"2026-08-10 12:06:14"}
{"level":"info","message":"Express loader initialized","timestamp":"2026-08-10 12:06:14"}
{"level":"info","message":" Express loader initialized","timestamp":"2026-08-10 12:06:14"}
{"level":"info","message":"Routes configured","timestamp":"2026-08-10 12:06:14"}
{"level":"info","message":"Routes loader initialized","timestamp":"2026-08-10 12:06:14"}
{"level":"info","message":"Error handler initialized","timestamp":"2026-08-10 12:06:14"}
{"level":"info","message":"All loaders completed successfully","timestamp":"2026-08-10 12:06:14"}
{"level":"info","message":"Application initialized successfully","timestamp":"2026-08-10 12:06:14"}
{"level":"info","message":"Incoming request: POST /invoices/cmsh9kegr0000vwhfcg9b5mxc/export","timestamp":"2026-08-10 12:06:33"}
{"level":"info","message":"Exportation de la facture cmsh9kegr0000vwhfcg9b5mxc au format A4","timestamp":"2026-08-10 12:06:33"}
{"error":{"message":"Could not find Chrome (ver. 151.0.7922.71). This can occur if either\n 1. you did not perform an installation before running the script (e.g. `npx puppeteer browsers install chrome`) or\n 2. your cache path is incorrectly configured (which is: /home/mie-kely/.cache/puppeteer).\nFor (2), check out our guide on configuring puppeteer at https://pptr.dev/guides/configuration.","name":"Error","stack":"Error: Could not find Chrome (ver. 151.0.7922.71). This can occur if either\n 1. you did not perform an installation before running the script (e.g. `npx puppeteer browsers install chrome`) or\n 2. your cache path is incorrectly configured (which is: /home/mie-kely/.cache/puppeteer).\nFor (2), check out our guide on configuring puppeteer at https://pptr.dev/guides/configuration.\n    at ChromeLauncher.resolveExecutablePath (/home/mie-kely/invoice/node_modules/.pnpm/puppeteer-core@25.5.0/node_modules/puppeteer-core/lib/puppeteer/node/BrowserLauncher.js:319:19)\n    at async ChromeLauncher.computeLaunchArguments (/home/mie-kely/invoice/node_modules/.pnpm/puppeteer-core@25.5.0/node_modules/puppeteer-core/src/node/ChromeLauncher.ts:140:11)\n    at async ChromeLauncher.launch (/home/mie-kely/invoice/node_modules/.pnpm/puppeteer-core@25.5.0/node_modules/puppeteer-core/lib/puppeteer/node/BrowserLauncher.js:67:28)\n    at async ChromeLauncher.launch (/home/mie-kely/invoice/node_modules/.pnpm/puppeteer-core@25.5.0/node_modules/puppeteer-core/src/node/ChromeLauncher.ts:59:12)\n    at async PuppeteerNode.launch (/home/mie-kely/invoice/node_modules/.pnpm/puppeteer-core@25.5.0/node_modules/puppeteer-core/src/node/PuppeteerNode.ts:143:12)\n    at async InvoicePdfService.generatePDF (/home/mie-kely/invoice/src/services/invoice.pdf.service.ts:198:17)\n    at async InvoicePdfService.exportInvoice (/home/mie-kely/invoice/src/services/invoice.pdf.service.ts:288:25)\n    at async <anonymous> (/home/mie-kely/invoice/src/controllers/invoice.pdf.controller.ts:45:28)"},"invoiceNumber":"INV-20260806-4987","level":"error","message":"Failed to generate PDF","timestamp":"2026-08-10 12:06:33"}
{"ip":"::1","level":"error","message":"Failed to generate PDF document","method":"POST","stack":"Error: Failed to generate PDF document\n    at InvoicePdfService.generatePDF (/home/mie-kely/invoice/src/services/invoice.pdf.service.ts:248:13)\n    at async InvoicePdfService.exportInvoice (/home/mie-kely/invoice/src/services/invoice.pdf.service.ts:288:25)\n    at async <anonymous> (/home/mie-kely/invoice/src/controllers/invoice.pdf.controller.ts:45:28)","statusCode":500,"timestamp":"2026-08-10 12:06:33","url":"/invoices/cmsh9kegr0000vwhfcg9b5mxc/export"}
{"level":"info","message":"SIGTERM received. Shutting down gracefully...","timestamp":"2026-08-10 12:11:31"}
{"level":"info","message":"Database connected successfully","timestamp":"2026-08-10 12:11:35"}
{"level":"info","message":" Database loader initialized","timestamp":"2026-08-10 12:11:35"}
{"level":"info","message":"Express loader initialized","timestamp":"2026-08-10 12:11:35"}
{"level":"info","message":" Express loader initialized","timestamp":"2026-08-10 12:11:35"}
{"level":"info","message":"Routes configured","timestamp":"2026-08-10 12:11:35"}
{"level":"info","message":"Routes loader initialized","timestamp":"2026-08-10 12:11:35"}
{"level":"info","message":"Error handler initialized","timestamp":"2026-08-10 12:11:35"}
{"level":"info","message":"All loaders completed successfully","timestamp":"2026-08-10 12:11:35"}
{"level":"info","message":"Application initialized successfully","timestamp":"2026-08-10 12:11:35"}
{"level":"info","message":"Incoming request: POST /invoices/cmsh9kegr0000vwhfcg9b5mxc/export","timestamp":"2026-08-10 12:12:18"}
{"level":"info","message":"Exportation de la facture cmsh9kegr0000vwhfcg9b5mxc au format A4","timestamp":"2026-08-10 12:12:18"}
{"invoiceId":"cmsh9kegr0000vwhfcg9b5mxc","invoiceNumber":"INV-20260806-4987","level":"info","message":"Invoice PDF generated successfully","pdfPath":"/home/mie-kely/invoice/pdf/invoices/INV-20260806-4987.pdf","timestamp":"2026-08-10 12:12:19"}
{"level":"info","message":"SIGTERM received. Shutting down gracefully...","timestamp":"2026-08-10 12:16:00"}
{"level":"info","message":"Database connected successfully","timestamp":"2026-08-10 12:16:03"}
{"level":"info","message":" Database loader initialized","timestamp":"2026-08-10 12:16:03"}
{"level":"info","message":"Express loader initialized","timestamp":"2026-08-10 12:16:03"}
{"level":"info","message":" Express loader initialized","timestamp":"2026-08-10 12:16:03"}
{"level":"info","message":"Routes configured","timestamp":"2026-08-10 12:16:03"}
{"level":"info","message":"Routes loader initialized","timestamp":"2026-08-10 12:16:03"}
{"level":"info","message":"Error handler initialized","timestamp":"2026-08-10 12:16:03"}
{"level":"info","message":"All loaders completed successfully","timestamp":"2026-08-10 12:16:03"}
{"level":"info","message":"Application initialized successfully","timestamp":"2026-08-10 12:16:03"}
{"level":"info","message":"SIGTERM received. Shutting down gracefully...","timestamp":"2026-08-10 12:16:14"}
{"level":"info","message":"Database connected successfully","timestamp":"2026-08-10 12:16:17"}
{"level":"info","message":" Database loader initialized","timestamp":"2026-08-10 12:16:17"}
{"level":"info","message":"Express loader initialized","timestamp":"2026-08-10 12:16:17"}
{"level":"info","message":" Express loader initialized","timestamp":"2026-08-10 12:16:17"}
{"level":"info","message":"Routes configured","timestamp":"2026-08-10 12:16:17"}
{"level":"info","message":"Routes loader initialized","timestamp":"2026-08-10 12:16:17"}
{"level":"info","message":"Error handler initialized","timestamp":"2026-08-10 12:16:17"}
{"level":"info","message":"All loaders completed successfully","timestamp":"2026-08-10 12:16:17"}
{"level":"info","message":"Application initialized successfully","timestamp":"2026-08-10 12:16:17"}
{"level":"info","message":"SIGTERM received. Shutting down gracefully...","timestamp":"2026-08-10 12:16:19"}
{"level":"info","message":"Database connected successfully","timestamp":"2026-08-10 12:16:24"}
{"level":"info","message":" Database loader initialized","timestamp":"2026-08-10 12:16:24"}
{"level":"info","message":"Express loader initialized","timestamp":"2026-08-10 12:16:24"}
{"level":"info","message":" Express loader initialized","timestamp":"2026-08-10 12:16:24"}
{"level":"info","message":"Routes configured","timestamp":"2026-08-10 12:16:24"}
{"level":"info","message":"Routes loader initialized","timestamp":"2026-08-10 12:16:24"}
{"level":"info","message":"Error handler initialized","timestamp":"2026-08-10 12:16:24"}
{"level":"info","message":"All loaders completed successfully","timestamp":"2026-08-10 12:16:24"}
{"level":"info","message":"Application initialized successfully","timestamp":"2026-08-10 12:16:24"}
{"level":"info","message":"SIGTERM received. Shutting down gracefully...","timestamp":"2026-08-10 12:16:34"}
{"level":"info","message":"Database connected successfully","timestamp":"2026-08-10 12:16:36"}
{"level":"info","message":" Database loader initialized","timestamp":"2026-08-10 12:16:36"}
{"level":"info","message":"Express loader initialized","timestamp":"2026-08-10 12:16:36"}
{"level":"info","message":" Express loader initialized","timestamp":"2026-08-10 12:16:36"}
{"level":"info","message":"Routes configured","timestamp":"2026-08-10 12:16:36"}
{"level":"info","message":"Routes loader initialized","timestamp":"2026-08-10 12:16:36"}
{"level":"info","message":"Error handler initialized","timestamp":"2026-08-10 12:16:36"}
{"level":"info","message":"All loaders completed successfully","timestamp":"2026-08-10 12:16:36"}
{"level":"info","message":"Application initialized successfully","timestamp":"2026-08-10 12:16:36"}
{"level":"info","message":"SIGTERM received. Shutting down gracefully...","timestamp":"2026-08-10 12:16:58"}
{"level":"info","message":"Database connected successfully","timestamp":"2026-08-10 12:18:07"}
{"level":"info","message":" Database loader initialized","timestamp":"2026-08-10 12:18:07"}
{"level":"info","message":"Express loader initialized","timestamp":"2026-08-10 12:18:07"}
{"level":"info","message":" Express loader initialized","timestamp":"2026-08-10 12:18:07"}
{"level":"info","message":"Routes configured","timestamp":"2026-08-10 12:18:07"}
{"level":"info","message":"Routes loader initialized","timestamp":"2026-08-10 12:18:07"}
{"level":"info","message":"Error handler initialized","timestamp":"2026-08-10 12:18:07"}
{"level":"info","message":"All loaders completed successfully","timestamp":"2026-08-10 12:18:07"}
{"level":"info","message":"Application initialized successfully","timestamp":"2026-08-10 12:18:07"}
{"level":"info","message":"SIGTERM received. Shutting down gracefully...","timestamp":"2026-08-10 12:19:04"}
{"level":"info","message":"Database connected successfully","timestamp":"2026-08-10 12:19:14"}
{"level":"info","message":" Database loader initialized","timestamp":"2026-08-10 12:19:14"}
{"level":"info","message":"Express loader initialized","timestamp":"2026-08-10 12:19:14"}
{"level":"info","message":" Express loader initialized","timestamp":"2026-08-10 12:19:14"}
{"level":"info","message":"Routes configured","timestamp":"2026-08-10 12:19:14"}
{"level":"info","message":"Routes loader initialized","timestamp":"2026-08-10 12:19:14"}
{"level":"info","message":"Error handler initialized","timestamp":"2026-08-10 12:19:14"}
{"level":"info","message":"All loaders completed successfully","timestamp":"2026-08-10 12:19:14"}
{"level":"info","message":"Application initialized successfully","timestamp":"2026-08-10 12:19:14"}
{"level":"info","message":"SIGTERM received. Shutting down gracefully...","timestamp":"2026-08-10 12:19:33"}
{"level":"info","message":"Database connected successfully","timestamp":"2026-08-10 12:19:35"}
{"level":"info","message":" Database loader initialized","timestamp":"2026-08-10 12:19:35"}
{"level":"info","message":"Express loader initialized","timestamp":"2026-08-10 12:19:35"}
{"level":"info","message":" Express loader initialized","timestamp":"2026-08-10 12:19:35"}
{"level":"info","message":"Routes configured","timestamp":"2026-08-10 12:19:35"}
{"level":"info","message":"Routes loader initialized","timestamp":"2026-08-10 12:19:35"}
{"level":"info","message":"Error handler initialized","timestamp":"2026-08-10 12:19:35"}
{"level":"info","message":"All loaders completed successfully","timestamp":"2026-08-10 12:19:35"}
{"level":"info","message":"Application initialized successfully","timestamp":"2026-08-10 12:19:35"}
{"level":"info","message":"Incoming request: POST /invoices/cmsh9kegr0000vwhfcg9b5mxc/export","timestamp":"2026-08-10 12:20:14"}
{"level":"info","message":"Exportation de la facture cmsh9kegr0000vwhfcg9b5mxc au format A4","timestamp":"2026-08-10 12:20:14"}
{"invoiceId":"cmsh9kegr0000vwhfcg9b5mxc","invoiceNumber":"INV-20260806-4987","level":"info","message":"Invoice PDF generated successfully","pdfPath":"/home/mie-kely/invoice/pdf/invoices/INV-20260806-4987.pdf","timestamp":"2026-08-10 12:20:15"}
{"level":"info","message":"SIGTERM received. Shutting down gracefully...","timestamp":"2026-08-10 12:21:11"}
{"level":"info","message":"Database connected successfully","timestamp":"2026-08-10 12:21:13"}
{"level":"info","message":" Database loader initialized","timestamp":"2026-08-10 12:21:13"}
{"level":"info","message":"Express loader initialized","timestamp":"2026-08-10 12:21:13"}
{"level":"info","message":" Express loader initialized","timestamp":"2026-08-10 12:21:13"}
{"level":"info","message":"Routes configured","timestamp":"2026-08-10 12:21:13"}
{"level":"info","message":"Routes loader initialized","timestamp":"2026-08-10 12:21:13"}
{"level":"info","message":"Error handler initialized","timestamp":"2026-08-10 12:21:13"}
{"level":"info","message":"All loaders completed successfully","timestamp":"2026-08-10 12:21:13"}
{"level":"info","message":"Application initialized successfully","timestamp":"2026-08-10 12:21:13"}
{"level":"info","message":"Incoming request: POST /invoices/cmsh9kegr0000vwhfcg9b5mxc/export","timestamp":"2026-08-10 12:21:18"}
{"errors":{},"ip":"::1","level":"error","message":"Validation failed","method":"POST","stack":"Error: Validation failed\n    at <anonymous> (/home/mie-kely/invoice/src/middlewares/validation.middleware.ts:26:11)\n    at process.processTicksAndRejections (node:internal/process/task_queues:103:5)","statusCode":400,"timestamp":"2026-08-10 12:21:18","url":"/invoices/cmsh9kegr0000vwhfcg9b5mxc/export"}
{"level":"info","message":"Incoming request: POST /invoices/cmsh9kegr0000vwhfcg9b5mxc/export","timestamp":"2026-08-10 12:23:25"}
{"errors":{"params":["Invalid input: expected object, received undefined"],"query":["Invalid input: expected object, received undefined"]},"ip":"::1","level":"error","message":"Validation failed","method":"POST","stack":"Error: Validation failed\n    at <anonymous> (/home/mie-kely/invoice/src/middlewares/validation.middleware.ts:26:11)\n    at process.processTicksAndRejections (node:internal/process/task_queues:103:5)","statusCode":400,"timestamp":"2026-08-10 12:23:25","url":"/invoices/cmsh9kegr0000vwhfcg9b5mxc/export"}
{"level":"info","message":"SIGTERM received. Shutting down gracefully...","timestamp":"2026-08-10 12:25:20"}
{"level":"info","message":"Database connected successfully","timestamp":"2026-08-10 12:25:22"}
{"level":"info","message":" Database loader initialized","timestamp":"2026-08-10 12:25:22"}
{"level":"info","message":"Express loader initialized","timestamp":"2026-08-10 12:25:22"}
{"level":"info","message":" Express loader initialized","timestamp":"2026-08-10 12:25:22"}
{"level":"info","message":"Routes configured","timestamp":"2026-08-10 12:25:22"}
{"level":"info","message":"Routes loader initialized","timestamp":"2026-08-10 12:25:22"}
{"level":"info","message":"Error handler initialized","timestamp":"2026-08-10 12:25:22"}
{"level":"info","message":"All loaders completed successfully","timestamp":"2026-08-10 12:25:22"}
{"level":"info","message":"Application initialized successfully","timestamp":"2026-08-10 12:25:22"}
{"level":"info","message":"SIGTERM received. Shutting down gracefully...","timestamp":"2026-08-10 12:28:20"}
{"level":"info","message":"Database connected successfully","timestamp":"2026-08-10 12:28:22"}
{"level":"info","message":" Database loader initialized","timestamp":"2026-08-10 12:28:22"}
{"level":"info","message":"Express loader initialized","timestamp":"2026-08-10 12:28:22"}
{"level":"info","message":" Express loader initialized","timestamp":"2026-08-10 12:28:22"}
{"level":"info","message":"Routes configured","timestamp":"2026-08-10 12:28:22"}
{"level":"info","message":"Routes loader initialized","timestamp":"2026-08-10 12:28:22"}
{"level":"info","message":"Error handler initialized","timestamp":"2026-08-10 12:28:22"}
{"level":"info","message":"All loaders completed successfully","timestamp":"2026-08-10 12:28:22"}
{"level":"info","message":"Application initialized successfully","timestamp":"2026-08-10 12:28:22"}
{"level":"info","message":"Incoming request: POST /invoices/cmsh9kegr0000vwhfcg9b5mxc/export","timestamp":"2026-08-10 12:28:28"}
{"errors":{"params":["Invalid input: expected object, received undefined"],"query":["Invalid input: expected object, received undefined"]},"level":"warn","message":"Validation error","method":"POST","path":"/cmsh9kegr0000vwhfcg9b5mxc/export","timestamp":"2026-08-10 12:28:28"}
{"errors":{"params":["Invalid input: expected object, received undefined"],"query":["Invalid input: expected object, received undefined"]},"ip":"::1","level":"error","message":"Validation failed","method":"POST","stack":"Error: Validation failed\n    at <anonymous> (/home/mie-kely/invoice/src/middlewares/validation.middleware.ts:32:11)\n    at process.processTicksAndRejections (node:internal/process/task_queues:103:5)","statusCode":400,"timestamp":"2026-08-10 12:28:28","url":"/invoices/cmsh9kegr0000vwhfcg9b5mxc/export"}
{"level":"info","message":"SIGTERM received. Shutting down gracefully...","timestamp":"2026-08-10 12:30:51"}
{"level":"info","message":"Database connected successfully","timestamp":"2026-08-10 12:30:55"}
{"level":"info","message":" Database loader initialized","timestamp":"2026-08-10 12:30:55"}
{"level":"info","message":"Express loader initialized","timestamp":"2026-08-10 12:30:55"}
{"level":"info","message":" Express loader initialized","timestamp":"2026-08-10 12:30:55"}
{"level":"info","message":"Routes configured","timestamp":"2026-08-10 12:30:55"}
{"level":"info","message":"Routes loader initialized","timestamp":"2026-08-10 12:30:55"}
{"level":"info","message":"Error handler initialized","timestamp":"2026-08-10 12:30:55"}
{"level":"info","message":"All loaders completed successfully","timestamp":"2026-08-10 12:30:55"}
{"level":"info","message":"Application initialized successfully","timestamp":"2026-08-10 12:30:55"}
{"level":"info","message":"SIGTERM received. Shutting down gracefully...","timestamp":"2026-08-10 12:31:08"}
{"level":"info","message":"Database connected successfully","timestamp":"2026-08-10 12:31:14"}
{"level":"info","message":" Database loader initialized","timestamp":"2026-08-10 12:31:14"}
{"level":"info","message":"Express loader initialized","timestamp":"2026-08-10 12:31:14"}
{"level":"info","message":" Express loader initialized","timestamp":"2026-08-10 12:31:14"}
{"level":"info","message":"Routes configured","timestamp":"2026-08-10 12:31:14"}
{"level":"info","message":"Routes loader initialized","timestamp":"2026-08-10 12:31:14"}
{"level":"info","message":"Error handler initialized","timestamp":"2026-08-10 12:31:14"}
{"level":"info","message":"All loaders completed successfully","timestamp":"2026-08-10 12:31:14"}
{"level":"info","message":"Application initialized successfully","timestamp":"2026-08-10 12:31:14"}
{"level":"info","message":"Incoming request: POST /invoices/cmsh9kegr0000vwhfcg9b5mxc/export","timestamp":"2026-08-10 12:31:32"}
{"ip":"::1","level":"error","message":"Cannot set property query of #<IncomingMessage> which has only a getter","method":"POST","stack":"TypeError: Cannot set property query of #<IncomingMessage> which has only a getter\n    at <anonymous> (/home/mie-kely/invoice/src/middlewares/validation.middleware.ts:80:13)\n    at Layer.handleRequest (/home/mie-kely/invoice/node_modules/.pnpm/router@2.2.0_supports-color@7.2.0/node_modules/router/lib/layer.js:152:17)\n    at next (/home/mie-kely/invoice/node_modules/.pnpm/router@2.2.0_supports-color@7.2.0/node_modules/router/lib/route.js:157:13)\n    at Route.dispatch (/home/mie-kely/invoice/node_modules/.pnpm/router@2.2.0_supports-color@7.2.0/node_modules/router/lib/route.js:117:3)\n    at handle (/home/mie-kely/invoice/node_modules/.pnpm/router@2.2.0_supports-color@7.2.0/node_modules/router/index.js:435:11)\n    at Layer.handleRequest (/home/mie-kely/invoice/node_modules/.pnpm/router@2.2.0_supports-color@7.2.0/node_modules/router/lib/layer.js:152:17)\n    at /home/mie-kely/invoice/node_modules/.pnpm/router@2.2.0_supports-color@7.2.0/node_modules/router/index.js:295:15\n    at param (/home/mie-kely/invoice/node_modules/.pnpm/router@2.2.0_supports-color@7.2.0/node_modules/router/index.js:600:14)\n    at param (/home/mie-kely/invoice/node_modules/.pnpm/router@2.2.0_supports-color@7.2.0/node_modules/router/index.js:610:14)\n    at processParams (/home/mie-kely/invoice/node_modules/.pnpm/router@2.2.0_supports-color@7.2.0/node_modules/router/index.js:664:3)","statusCode":500,"timestamp":"2026-08-10 12:31:32","url":"/invoices/cmsh9kegr0000vwhfcg9b5mxc/export"}
{"level":"info","message":"SIGTERM received. Shutting down gracefully...","timestamp":"2026-08-10 12:33:49"}
{"level":"info","message":"Database connected successfully","timestamp":"2026-08-10 12:33:51"}
{"level":"info","message":" Database loader initialized","timestamp":"2026-08-10 12:33:51"}
{"level":"info","message":"Express loader initialized","timestamp":"2026-08-10 12:33:51"}
{"level":"info","message":" Express loader initialized","timestamp":"2026-08-10 12:33:51"}
{"level":"info","message":"Routes configured","timestamp":"2026-08-10 12:33:51"}
{"level":"info","message":"Routes loader initialized","timestamp":"2026-08-10 12:33:51"}
{"level":"info","message":"Error handler initialized","timestamp":"2026-08-10 12:33:51"}
{"level":"info","message":"All loaders completed successfully","timestamp":"2026-08-10 12:33:51"}
{"level":"info","message":"Application initialized successfully","timestamp":"2026-08-10 12:33:51"}
{"level":"info","message":"SIGTERM received. Shutting down gracefully...","timestamp":"2026-08-10 12:37:18"}
{"level":"info","message":"Database connected successfully","timestamp":"2026-08-10 12:37:19"}
{"level":"info","message":" Database loader initialized","timestamp":"2026-08-10 12:37:19"}
{"level":"info","message":"Express loader initialized","timestamp":"2026-08-10 12:37:19"}
{"level":"info","message":" Express loader initialized","timestamp":"2026-08-10 12:37:19"}
{"level":"info","message":"Routes configured","timestamp":"2026-08-10 12:37:19"}
{"level":"info","message":"Routes loader initialized","timestamp":"2026-08-10 12:37:19"}
{"level":"info","message":"Error handler initialized","timestamp":"2026-08-10 12:37:19"}
{"level":"info","message":"All loaders completed successfully","timestamp":"2026-08-10 12:37:19"}
{"level":"info","message":"Application initialized successfully","timestamp":"2026-08-10 12:37:19"}
{"level":"info","message":"SIGTERM received. Shutting down gracefully...","timestamp":"2026-08-10 12:38:12"}
{"level":"info","message":"Database connected successfully","timestamp":"2026-08-10 12:38:14"}
{"level":"info","message":" Database loader initialized","timestamp":"2026-08-10 12:38:14"}
{"level":"info","message":"Express loader initialized","timestamp":"2026-08-10 12:38:14"}
{"level":"info","message":" Express loader initialized","timestamp":"2026-08-10 12:38:14"}
{"level":"info","message":"Routes configured","timestamp":"2026-08-10 12:38:14"}
{"level":"info","message":"Routes loader initialized","timestamp":"2026-08-10 12:38:14"}
{"level":"info","message":"Error handler initialized","timestamp":"2026-08-10 12:38:14"}
{"level":"info","message":"All loaders completed successfully","timestamp":"2026-08-10 12:38:14"}
{"level":"info","message":"Application initialized successfully","timestamp":"2026-08-10 12:38:14"}
{"level":"info","message":"SIGTERM received. Shutting down gracefully...","timestamp":"2026-08-10 12:38:47"}
{"level":"info","message":"Database connected successfully","timestamp":"2026-08-10 12:38:49"}
{"level":"info","message":" Database loader initialized","timestamp":"2026-08-10 12:38:49"}
{"level":"info","message":"Express loader initialized","timestamp":"2026-08-10 12:38:49"}
{"level":"info","message":" Express loader initialized","timestamp":"2026-08-10 12:38:49"}
{"level":"info","message":"Routes configured","timestamp":"2026-08-10 12:38:49"}
{"level":"info","message":"Routes loader initialized","timestamp":"2026-08-10 12:38:49"}
{"level":"info","message":"Error handler initialized","timestamp":"2026-08-10 12:38:49"}
{"level":"info","message":"All loaders completed successfully","timestamp":"2026-08-10 12:38:49"}
{"level":"info","message":"Application initialized successfully","timestamp":"2026-08-10 12:38:49"}
{"level":"info","message":"SIGTERM received. Shutting down gracefully...","timestamp":"2026-08-10 12:40:09"}
{"level":"info","message":"Database connected successfully","timestamp":"2026-08-10 12:40:11"}
{"level":"info","message":" Database loader initialized","timestamp":"2026-08-10 12:40:11"}
{"level":"info","message":"Express loader initialized","timestamp":"2026-08-10 12:40:11"}
{"level":"info","message":" Express loader initialized","timestamp":"2026-08-10 12:40:11"}
{"level":"info","message":"Routes configured","timestamp":"2026-08-10 12:40:11"}
{"level":"info","message":"Routes loader initialized","timestamp":"2026-08-10 12:40:11"}
{"level":"info","message":"Error handler initialized","timestamp":"2026-08-10 12:40:11"}
{"level":"info","message":"All loaders completed successfully","timestamp":"2026-08-10 12:40:11"}
{"level":"info","message":"Application initialized successfully","timestamp":"2026-08-10 12:40:11"}
{"level":"info","message":"Incoming request: POST /invoices/cmsh9kegr0000vwhfcg9b5mxc/export","timestamp":"2026-08-10 12:40:42"}
{"level":"info","message":"Exportation de la facture cmsh9kegr0000vwhfcg9b5mxc au format A4","timestamp":"2026-08-10 12:40:42"}
{"invoiceId":"cmsh9kegr0000vwhfcg9b5mxc","invoiceNumber":"INV-20260806-4987","level":"info","message":"Invoice PDF generated successfully","pdfPath":"/home/mie-kely/invoice/pdf/invoices/INV-20260806-4987.pdf","timestamp":"2026-08-10 12:40:43"}
{"level":"info","message":"Incoming request: POST /invoices/cmsh9kegr0000vwhfcg9b5mxc/export?format=A5","timestamp":"2026-08-10 12:43:00"}
{"level":"info","message":"Exportation de la facture cmsh9kegr0000vwhfcg9b5mxc au format A5","timestamp":"2026-08-10 12:43:00"}
{"invoiceId":"cmsh9kegr0000vwhfcg9b5mxc","invoiceNumber":"INV-20260806-4987","level":"info","message":"Invoice PDF generated successfully","pdfPath":"/home/mie-kely/invoice/pdf/invoices/INV-20260806-4987.pdf","timestamp":"2026-08-10 12:43:00"}
{"level":"info","message":"Incoming request: POST /invoices/cmsh9kegr0000vwhfcg9b5mxc/export?format=A5","timestamp":"2026-08-10 12:44:07"}
{"level":"info","message":"Exportation de la facture cmsh9kegr0000vwhfcg9b5mxc au format A5","timestamp":"2026-08-10 12:44:07"}
{"invoiceId":"cmsh9kegr0000vwhfcg9b5mxc","invoiceNumber":"INV-20260806-4987","level":"info","message":"Invoice PDF generated successfully","pdfPath":"/home/mie-kely/invoice/pdf/invoices/INV-20260806-4987.pdf","timestamp":"2026-08-10 12:44:07"}
{"level":"info","message":"Incoming request: GET /invoices/cmsh9kegr0000vwhfcg9b5mxc/download?format=A4","timestamp":"2026-08-10 12:45:02"}
{"errors":{},"level":"warn","message":"Validation error","method":"GET","path":"/cmsh9kegr0000vwhfcg9b5mxc/download","timestamp":"2026-08-10 12:45:02"}
{"errors":{},"ip":"::1","level":"error","message":"Validation failed","method":"GET","stack":"Error: Validation failed\n    at <anonymous> (/home/mie-kely/invoice/src/middlewares/validation.middleware.ts:36:11)\n    at process.processTicksAndRejections (node:internal/process/task_queues:103:5)","statusCode":400,"timestamp":"2026-08-10 12:45:02","url":"/invoices/cmsh9kegr0000vwhfcg9b5mxc/download?format=A4"}
{"level":"info","message":"Incoming request: POST /invoices/cmsh9kegr0000vwhfcg9b5mxc/export","timestamp":"2026-08-10 12:46:24"}
{"level":"info","message":"Exportation de la facture cmsh9kegr0000vwhfcg9b5mxc au format A4","timestamp":"2026-08-10 12:46:24"}
{"invoiceId":"cmsh9kegr0000vwhfcg9b5mxc","invoiceNumber":"INV-20260806-4987","level":"info","message":"Invoice PDF generated successfully","pdfPath":"/home/mie-kely/invoice/pdf/invoices/INV-20260806-4987.pdf","timestamp":"2026-08-10 12:46:25"}
{"level":"info","message":"Incoming request: GET /invoices/cmsh9kegr0000vwhfcg9b5mxc/download?format=A4","timestamp":"2026-08-10 12:46:33"}
{"errors":{},"level":"warn","message":"Validation error","method":"GET","path":"/cmsh9kegr0000vwhfcg9b5mxc/download","timestamp":"2026-08-10 12:46:33"}
{"errors":{},"ip":"::1","level":"error","message":"Validation failed","method":"GET","stack":"Error: Validation failed\n    at <anonymous> (/home/mie-kely/invoice/src/middlewares/validation.middleware.ts:36:11)\n    at process.processTicksAndRejections (node:internal/process/task_queues:103:5)","statusCode":400,"timestamp":"2026-08-10 12:46:33","url":"/invoices/cmsh9kegr0000vwhfcg9b5mxc/download?format=A4"}
{"level":"info","message":"SIGINT received. Shutting down gracefully...","timestamp":"2026-08-10 12:47:18"}
{"level":"info","message":"Database connected successfully","timestamp":"2026-08-10 12:47:30"}
{"level":"info","message":" Database loader initialized","timestamp":"2026-08-10 12:47:30"}
{"level":"info","message":"Express loader initialized","timestamp":"2026-08-10 12:47:30"}
{"level":"info","message":" Express loader initialized","timestamp":"2026-08-10 12:47:30"}
{"level":"info","message":"Routes configured","timestamp":"2026-08-10 12:47:30"}
{"level":"info","message":"Routes loader initialized","timestamp":"2026-08-10 12:47:30"}
{"level":"info","message":"Error handler initialized","timestamp":"2026-08-10 12:47:30"}
{"level":"info","message":"All loaders completed successfully","timestamp":"2026-08-10 12:47:30"}
{"level":"info","message":"Application initialized successfully","timestamp":"2026-08-10 12:47:30"}
{"level":"info","message":"Incoming request: GET /invoices/cmsh9kegr0000vwhfcg9b5mxc/download?format=A4","timestamp":"2026-08-10 12:47:39"}
{"errors":{},"level":"warn","message":"Validation error","method":"GET","path":"/cmsh9kegr0000vwhfcg9b5mxc/download","timestamp":"2026-08-10 12:47:39"}
{"errors":{},"ip":"::1","level":"error","message":"Validation failed","method":"GET","stack":"Error: Validation failed\n    at <anonymous> (/home/mie-kely/invoice/src/middlewares/validation.middleware.ts:36:11)\n    at process.processTicksAndRejections (node:internal/process/task_queues:103:5)","statusCode":400,"timestamp":"2026-08-10 12:47:39","url":"/invoices/cmsh9kegr0000vwhfcg9b5mxc/download?format=A4"}
{"level":"info","message":"SIGTERM received. Shutting down gracefully...","timestamp":"2026-08-10 12:49:25"}
{"level":"info","message":"Database connected successfully","timestamp":"2026-08-10 12:49:27"}
{"level":"info","message":" Database loader initialized","timestamp":"2026-08-10 12:49:27"}
{"level":"info","message":"Express loader initialized","timestamp":"2026-08-10 12:49:27"}
{"level":"info","message":" Express loader initialized","timestamp":"2026-08-10 12:49:27"}
{"level":"info","message":"Routes configured","timestamp":"2026-08-10 12:49:27"}
{"level":"info","message":"Routes loader initialized","timestamp":"2026-08-10 12:49:27"}
{"level":"info","message":"Error handler initialized","timestamp":"2026-08-10 12:49:27"}
{"level":"info","message":"All loaders completed successfully","timestamp":"2026-08-10 12:49:27"}
{"level":"info","message":"Application initialized successfully","timestamp":"2026-08-10 12:49:27"}
{"level":"info","message":"Incoming request: GET /invoices/cmsh9kegr0000vwhfcg9b5mxc/download?format=A4","timestamp":"2026-08-10 12:50:10"}
{"level":"info","message":"Téléchargement de la facture cmsh9kegr0000vwhfcg9b5mxc (format: A4)","timestamp":"2026-08-10 12:50:10"}
{"invoiceId":"cmsh9kegr0000vwhfcg9b5mxc","invoiceNumber":"INV-20260806-4987","level":"info","message":"Invoice PDF generated successfully","pdfPath":"/home/mie-kely/invoice/pdf/invoices/INV-20260806-4987.pdf","timestamp":"2026-08-10 12:50:10"}
{"filename":"INV-20260806-4987.pdf","invoiceId":"cmsh9kegr0000vwhfcg9b5mxc","invoiceNumber":"INV-20260806-4987","level":"info","message":"PDF downloaded successfully","timestamp":"2026-08-10 12:50:10"}
{"level":"info","message":"Incoming request: GET /invoices/cmsh9kegr0000vwhfcg9b5mxc/download?format=POS","timestamp":"2026-08-10 12:57:57"}
{"level":"info","message":"Téléchargement de la facture cmsh9kegr0000vwhfcg9b5mxc (format: POS)","timestamp":"2026-08-10 12:57:57"}
{"invoiceId":"cmsh9kegr0000vwhfcg9b5mxc","invoiceNumber":"INV-20260806-4987","level":"info","message":"Invoice PDF generated successfully","pdfPath":"/home/mie-kely/invoice/pdf/invoices/INV-20260806-4987.pdf","timestamp":"2026-08-10 12:57:58"}
{"filename":"INV-20260806-4987.pdf","invoiceId":"cmsh9kegr0000vwhfcg9b5mxc","invoiceNumber":"INV-20260806-4987","level":"info","message":"PDF downloaded successfully","timestamp":"2026-08-10 12:57:58"}
{"level":"info","message":"Incoming request: GET /invoices/cmsh9kegr0000vwhfcg9b5mxc/download?format=THERMAL","timestamp":"2026-08-10 12:58:56"}
{"level":"info","message":"Téléchargement de la facture cmsh9kegr0000vwhfcg9b5mxc (format: THERMAL)","timestamp":"2026-08-10 12:58:56"}
{"invoiceId":"cmsh9kegr0000vwhfcg9b5mxc","invoiceNumber":"INV-20260806-4987","level":"info","message":"Invoice PDF generated successfully","pdfPath":"/home/mie-kely/invoice/pdf/invoices/INV-20260806-4987.pdf","timestamp":"2026-08-10 12:58:57"}
{"filename":"INV-20260806-4987.pdf","invoiceId":"cmsh9kegr0000vwhfcg9b5mxc","invoiceNumber":"INV-20260806-4987","level":"info","message":"PDF downloaded successfully","timestamp":"2026-08-10 12:58:57"}
{"level":"info","message":"Incoming request: GET /invoices/cmsh9kegr0000vwhfcg9b5mxc/download?format=THERMAL","timestamp":"2026-08-10 13:00:09"}
{"level":"info","message":"Téléchargement de la facture cmsh9kegr0000vwhfcg9b5mxc (format: THERMAL)","timestamp":"2026-08-10 13:00:09"}
{"invoiceId":"cmsh9kegr0000vwhfcg9b5mxc","invoiceNumber":"INV-20260806-4987","level":"info","message":"Invoice PDF generated successfully","pdfPath":"/home/mie-kely/invoice/pdf/invoices/INV-20260806-4987.pdf","timestamp":"2026-08-10 13:00:09"}
{"filename":"INV-20260806-4987.pdf","invoiceId":"cmsh9kegr0000vwhfcg9b5mxc","invoiceNumber":"INV-20260806-4987","level":"info","message":"PDF downloaded successfully","timestamp":"2026-08-10 13:00:09"}
{"level":"info","message":"Incoming request: GET /invoices/cmsh9fqm70000jahfw36ab5dj/download?format=THERMAL","timestamp":"2026-08-10 13:00:54"}
{"level":"info","message":"Téléchargement de la facture cmsh9fqm70000jahfw36ab5dj (format: THERMAL)","timestamp":"2026-08-10 13:00:54"}
{"invoiceId":"cmsh9fqm70000jahfw36ab5dj","invoiceNumber":"INV-20260806-3307","level":"info","message":"Invoice PDF generated successfully","pdfPath":"/home/mie-kely/invoice/pdf/invoices/INV-20260806-3307.pdf","timestamp":"2026-08-10 13:00:55"}
{"filename":"INV-20260806-3307.pdf","invoiceId":"cmsh9fqm70000jahfw36ab5dj","invoiceNumber":"INV-20260806-3307","level":"info","message":"PDF downloaded successfully","timestamp":"2026-08-10 13:00:55"}
{"level":"info","message":"Incoming request: GET /invoices/cmsh9fqm70000jahfw36ab5dj/download?format=A4","timestamp":"2026-08-10 13:01:58"}
{"level":"info","message":"Téléchargement de la facture cmsh9fqm70000jahfw36ab5dj (format: A4)","timestamp":"2026-08-10 13:01:58"}
{"invoiceId":"cmsh9fqm70000jahfw36ab5dj","invoiceNumber":"INV-20260806-3307","level":"info","message":"Invoice PDF generated successfully","pdfPath":"/home/mie-kely/invoice/pdf/invoices/INV-20260806-3307.pdf","timestamp":"2026-08-10 13:01:59"}
{"filename":"INV-20260806-3307.pdf","invoiceId":"cmsh9fqm70000jahfw36ab5dj","invoiceNumber":"INV-20260806-3307","level":"info","message":"PDF downloaded successfully","timestamp":"2026-08-10 13:01:59"}
{"level":"info","message":"Incoming request: GET /invoices/cmsh9fqm70000jahfw36ab5dj/download?format=THERMAL","timestamp":"2026-08-10 13:05:40"}
{"level":"info","message":"Téléchargement de la facture cmsh9fqm70000jahfw36ab5dj (format: THERMAL)","timestamp":"2026-08-10 13:05:40"}
{"invoiceId":"cmsh9fqm70000jahfw36ab5dj","invoiceNumber":"INV-20260806-3307","level":"info","message":"Invoice PDF generated successfully","pdfPath":"/home/mie-kely/invoice/pdf/invoices/INV-20260806-3307.pdf","timestamp":"2026-08-10 13:05:41"}
{"filename":"INV-20260806-3307.pdf","invoiceId":"cmsh9fqm70000jahfw36ab5dj","invoiceNumber":"INV-20260806-3307","level":"info","message":"PDF downloaded successfully","timestamp":"2026-08-10 13:05:41"}
{"level":"info","message":"SIGTERM received. Shutting down gracefully...","timestamp":"2026-08-10 13:33:35"}
{"level":"info","message":"Database connected successfully","timestamp":"2026-08-10 13:33:37"}
{"level":"info","message":" Database loader initialized","timestamp":"2026-08-10 13:33:37"}
{"level":"info","message":"Express loader initialized","timestamp":"2026-08-10 13:33:37"}
{"level":"info","message":" Express loader initialized","timestamp":"2026-08-10 13:33:37"}
{"level":"info","message":"Routes configured","timestamp":"2026-08-10 13:33:37"}
{"level":"info","message":"Routes loader initialized","timestamp":"2026-08-10 13:33:37"}
{"level":"info","message":"Error handler initialized","timestamp":"2026-08-10 13:33:37"}
{"level":"info","message":"All loaders completed successfully","timestamp":"2026-08-10 13:33:37"}
{"level":"info","message":"Application initialized successfully","timestamp":"2026-08-10 13:33:37"}
